{"type":"Feature","properties":{"id":6637,"name":"Societ\u00e0 Agricola f.lli Urbani","description":"<h4>Dal 1896 tramandiamo l&#8217;antico sapere e la passione di produrre vino, a due passi da Lucca un agriturismo tra le vigne e la cantina.<\/h4>\n<p>\u201cConsumare il vino \u00e8 assai meno importante che saper gustare il vino. \u00c8 profanare le origini mitologiche, il simbolo cristiano, la millenaria storia e le pi\u00f9 belle tradizioni della vite, mandar gi\u00f9 cos\u00ec prosaicamente dei bicchieri di vino. Il vino va bevuto con alto senso di poesia, quasi con religione. E poich\u00e9 esso \u00e8 veramente spirito della nostra terra, estasi della nostra luce, va bevuto nel quadro del paese, con la mente ed il cuore pieni di ricordi di vicende e di costumanze antiche e gentili\u201d di Arturo Marescalchi<\/p>\n<div class=\"contatti-retisti\">\n<p><img class=\"retista-f\" src=\"http:\/\/www.montepisano.travel\/wp-content\/uploads\/2018\/01\/urbani_thumb2.jpg\" alt=\"\" \/><\/p>\n<div class=\"det-retisti\">\n<h4>Societ\u00e0 Agricola f.lli Urbani<\/h4>\n<p>Via per Gattaiola, 322<br \/>\nGattaiola (LU)<br \/>\n+39 348 6608062 | +39 345 9433469<br \/>\n<a href=\"mailto:socagricolaurbani@gmail.com\">socagricolaurbani@gmail.com<\/a><br \/>\n<a href=\"http:\/\/www.fratelliurbani.com\" target=\"_blank\" rel=\"noopener\">www.fratelliurbani.com<\/a><\/p>\n<\/div>\n<\/div>\n<p><strong>Come nel 1896 ancora oggi<\/strong>, a distanza di oltre 100 anni dalla sua fondazione, la Societ\u00e0 Agricola Fratelli Urbani, continua ad essere depositaria di quell\u2019antico sapere tramandato di padre in figlio attraverso le generazioni.<\/p>\n<p>Un sapere basato sull&#8217;esperienza, sullo spirito di osservazione ma soprattutto sulla passione e l\u2019amore per il proprio lavoro, la consapevolezza che la storia di quella bottiglia di vino ora nelle vostre mani, inizia quando viene realizzato l\u2019impianto della vigna, prosegue nel tempo con i primi frutti, continua anno dopo anno, con il lavoro di potatura, sfalcio dell\u2019erba fra le viti, sistemazione dei tralci, ramatura e solfatura, fino ad arrivare alla vendemmia.<\/p>\n<p>La vendemmia inizia raccogliendo con cura le pigne pi\u00f9 mature, qualit\u00e0 per qualit\u00e0, per produrre vini monovitigno caratterizzati, di solito, dal nome dei vari vizzati che ne esaltano il sapore e gli aromi. La fermentazione viene eseguita con metodi tradizionali, quindi ci\u00f2 che la natura prima e il lavoro dell\u2019uomo poi sono riusciti a fare viene stagionato in botti di castagno secondo la tradizione dei nostri luoghi; ospitate nelle vecchie cantine le botti possono rimanere anche due anni prima di passare il vino all\u2019imbottigliamento.<\/p>\n<p><iframe width=\"1060\" height=\"596\" src=\"https:\/\/www.youtube.com\/embed\/yx_7DcnLA-0?feature=oembed\" frameborder=\"0\" allow=\"autoplay; encrypted-media\" allowfullscreen><\/iframe><\/p>\n<p><strong>Tra le 150 aziende storiche d\u2019Italia che operano nello stesso settore da almeno 100 anni<\/strong>, secondo il Registro Nazionale delle Imprese Storiche di Unioncamere, abbiamo avviato anche l&#8217;attivit\u00e0 agrituristica con il nostro appartamento &#8220;Magic Moments&#8221; di 70mq dove possiamo ospitare fino a quattro persone. La ristrutturazione \u00e8 avvenuta gradualmente utilizzando i materiali preesistenti come legno, pietra, mattoni che sono stati integrati con i nuovi senza snaturare la tipicit\u00e0 del rustico toscano. Il risultato \u00e8 un luogo, dove i nostri ospiti e i loro bambini possono rilassarsi nella quiete e nella tranquillit\u00e0, avendo a disposizione libri e film in varie lingue, un piccolo parco giochi, biciclette oltre ad un forno a legna e un barbeque.<\/p>\n<p>Su richiesta organizziamo <strong>degustazioni, corsi di cucina e forniamo informazioni sulle iniziative<\/strong> che si svolgono nei dintorni.<\/p>\n<p>La nostra presenza costante ma discreta \u00e8 molto apprezzata da chi soggiorna per visitare le colline circostanti, meta di passeggiate alla scoperta di borghi, chiese e luoghi caratteristici che riportando il cuore e la mente ad un tempo passato sono ottime per gli amanti delle camminate e del cicloturismo.<\/p>\n","color":"","icon":"","noDetails":false,"noInteraction":false,"imageGallery":[{"src":"https:\/\/www.montepisano.travel\/wp-content\/uploads\/2018\/01\/dsc_8742_copy.jpg"},{"src":"https:\/\/www.montepisano.travel\/wp-content\/uploads\/2018\/01\/dsc_8688_copy.jpg"},{"src":"https:\/\/www.montepisano.travel\/wp-content\/uploads\/2018\/01\/dsc_8697_copy.jpg"},{"src":"https:\/\/www.montepisano.travel\/wp-content\/uploads\/2018\/01\/dsc_8631_copy.jpg"},{"src":"https:\/\/www.montepisano.travel\/wp-content\/uploads\/2018\/01\/dsc_8628_copy.jpg"},{"src":"https:\/\/www.montepisano.travel\/wp-content\/uploads\/2018\/01\/dsc_8717_copy-768x663.jpg"},{"src":"https:\/\/www.montepisano.travel\/wp-content\/uploads\/2018\/01\/10527911_761799163909276_7747975583699087148_n_0-768x576.jpg"},{"src":"https:\/\/www.montepisano.travel\/wp-content\/uploads\/2018\/01\/dsc_8711_copy.jpg"},{"src":"https:\/\/www.montepisano.travel\/wp-content\/uploads\/2018\/01\/dsc_8744_copy.jpg"}],"image":"https:\/\/www.montepisano.travel\/wp-content\/uploads\/2018\/01\/dsc_8742_copy.jpg","addr:street":"","addr:housenumber":"","addr:postcode":"","addr:city":"","contact:phone":"","contact:email":"","opening_hours":"","capacity":"","related":{"poi":{"neighbors":["7909","7917","7912","7876","7907","7885","7869","8009","7891"]}}},"geometry":{"type":"Point","coordinates":[10.465459,43.829146]}}