{"type":"Feature","properties":{"id":6656,"name":"Rio Grifone","description":"<h4>Una passeggiata tra gli olivi, la vigna, il frutteto dell\u2019Azienda Agricola Biologica; la visita del moderno frantoio, la degustazione degli oli e dei prodotti aziendali. Una esperienza irripetibile.<\/h4>\n<p>Soggiornare nel nostro antico casale significa vivere un&#8217;esperienza a stretto contatto con la natura e con i frutti della terra, seguendo i lenti ritmi delle stagioni. Questa \u00e8 anche la filosofia che ritrovate nei nostri prodotti e nella nostra ospitalit\u00e0.<\/p>\n<p><strong>La nostra struttura \u00e8 dotata di 2 grandi e luminosi appartamenti<\/strong> che si affacciano sulla campagna antistante. Gli ambienti arredati in stile rustico toscano, il silenzio interrotto solo dal canto degli uccelli e i sapori di una volta sono gli elementi ideali per vivere un soggiorno in totale armonia e relax.<\/p>\n<div class=\"contatti-retisti\">\n<p><img class=\"retista-f\" src=\"http:\/\/www.montepisano.travel\/wp-content\/uploads\/2018\/01\/thumb_2.jpg\" alt=\"\" \/><\/p>\n<div class=\"det-retisti\">\n<h4>Rio Grifone<\/h4>\n<p>Via San Jacopo, 5<br \/>\nloc. Palazzetto &#8211; Vicopisano (PI)<br \/>\n+39.050.796095<br \/>\n<a href=\"mailto:info@vicopisanolio.it\">info@vicopisanolio.it<\/a><br \/>\n<a href=\"http:\/\/www.vicopisanolio.it\" target=\"_blank\" rel=\"noopener\">www.vicopisanolio.it<\/a><\/p>\n<\/div>\n<\/div>\n<p>Durante la vostra permanenza potrete approfondire il processo produttivo agricolo \u201cbiologico\u201d dei nostri frutteti, della vigna e dell&#8217;uliveto. Seguire le fasi di lavorazioni dell&#8217;olio e visitare il frantoio, caratterizzato da un modernissimo sistema di frangitura a due fasi, rigidamente e completamente &#8220;a freddo&#8221;.<\/p>\n<p><strong>L&#8217;Antico Frantoio Toscano del Rio Grifone<\/strong> prende il nome dal ruscello Rio Grifone che scorre poco lontano e che gi\u00e0 all\u2019inizio del secolo scorso faceva girare le sue macine per la spremitura dell&#8217;olio d&#8217;oliva.<\/p>\n\n\t\t<style type='text\/css'>\n\t\t\t#gallery-14 {\n\t\t\t\tmargin: auto;\n\t\t\t}\n\t\t\t#gallery-14 .gallery-item {\n\t\t\t\tfloat: left;\n\t\t\t\tmargin-top: 10px;\n\t\t\t\ttext-align: center;\n\t\t\t\twidth: 33%;\n\t\t\t}\n\t\t\t#gallery-14 img {\n\t\t\t\tborder: 2px solid #cfcfcf;\n\t\t\t}\n\t\t\t#gallery-14 .gallery-caption {\n\t\t\t\tmargin-left: 0;\n\t\t\t}\n\t\t\t\/* see gallery_shortcode() in wp-includes\/media.php *\/\n\t\t<\/style>\n\t\t<div id='gallery-14' class='gallery galleryid-6656 gallery-columns-3 gallery-size-thumbnail'><dl class='gallery-item'>\n\t\t\t<dt class='gallery-icon landscape'>\n\t\t\t\t<a href='https:\/\/www.montepisano.travel\/rio-grifone-montepisano2\/'><img width=\"150\" height=\"150\" src=\"https:\/\/www.montepisano.travel\/wp-content\/uploads\/2018\/01\/rio-grifone-montepisano2-150x150.jpg\" class=\"attachment-thumbnail size-thumbnail\" alt=\"\" aria-describedby=\"gallery-14-7256\" srcset=\"https:\/\/www.montepisano.travel\/wp-content\/uploads\/2018\/01\/rio-grifone-montepisano2-150x150.jpg 150w, https:\/\/www.montepisano.travel\/wp-content\/uploads\/2018\/01\/rio-grifone-montepisano2-300x300.jpg 300w, https:\/\/www.montepisano.travel\/wp-content\/uploads\/2018\/01\/rio-grifone-montepisano2-100x100.jpg 100w\" sizes=\"(max-width: 150px) 100vw, 150px\" \/><\/a>\n\t\t\t<\/dt>\n\t\t\t\t<dd class='wp-caption-text gallery-caption' id='gallery-14-7256'>\n\t\t\t\tNuovo impianto per olio &#8220;LEOPARD 4&#8221; a 2 fasi \n\t\t\t\t<\/dd><\/dl><dl class='gallery-item'>\n\t\t\t<dt class='gallery-icon landscape'>\n\t\t\t\t<a href='https:\/\/www.montepisano.travel\/rio-grifone-montepisano\/'><img width=\"150\" height=\"150\" src=\"https:\/\/www.montepisano.travel\/wp-content\/uploads\/2018\/01\/rio-grifone-montepisano-150x150.jpg\" class=\"attachment-thumbnail size-thumbnail\" alt=\"\" aria-describedby=\"gallery-14-7258\" srcset=\"https:\/\/www.montepisano.travel\/wp-content\/uploads\/2018\/01\/rio-grifone-montepisano-150x150.jpg 150w, https:\/\/www.montepisano.travel\/wp-content\/uploads\/2018\/01\/rio-grifone-montepisano-300x300.jpg 300w, https:\/\/www.montepisano.travel\/wp-content\/uploads\/2018\/01\/rio-grifone-montepisano-100x100.jpg 100w\" sizes=\"(max-width: 150px) 100vw, 150px\" \/><\/a>\n\t\t\t<\/dt>\n\t\t\t\t<dd class='wp-caption-text gallery-caption' id='gallery-14-7258'>\n\t\t\t\tVista sul borgo Medioevale di Vicopisano e la torre del Brunelleschi\n\t\t\t\t<\/dd><\/dl><dl class='gallery-item'>\n\t\t\t<dt class='gallery-icon landscape'>\n\t\t\t\t<a href='https:\/\/www.montepisano.travel\/rio-grifone-montepisano3\/'><img width=\"150\" height=\"150\" src=\"https:\/\/www.montepisano.travel\/wp-content\/uploads\/2018\/01\/rio-grifone-montepisano3-150x150.jpg\" class=\"attachment-thumbnail size-thumbnail\" alt=\"\" aria-describedby=\"gallery-14-7260\" srcset=\"https:\/\/www.montepisano.travel\/wp-content\/uploads\/2018\/01\/rio-grifone-montepisano3-150x150.jpg 150w, https:\/\/www.montepisano.travel\/wp-content\/uploads\/2018\/01\/rio-grifone-montepisano3-300x300.jpg 300w, https:\/\/www.montepisano.travel\/wp-content\/uploads\/2018\/01\/rio-grifone-montepisano3-100x100.jpg 100w\" sizes=\"(max-width: 150px) 100vw, 150px\" \/><\/a>\n\t\t\t<\/dt>\n\t\t\t\t<dd class='wp-caption-text gallery-caption' id='gallery-14-7260'>\n\t\t\t\tL&#8217;aia della fattoria e del Frantoio\n\t\t\t\t<\/dd><\/dl><br style=\"clear: both\" \/><dl class='gallery-item'>\n\t\t\t<dt class='gallery-icon landscape'>\n\t\t\t\t<a href='https:\/\/www.montepisano.travel\/rio-grifone-montepisano1\/'><img width=\"150\" height=\"150\" src=\"https:\/\/www.montepisano.travel\/wp-content\/uploads\/2018\/01\/rio-grifone-montepisano1-150x150.jpg\" class=\"attachment-thumbnail size-thumbnail\" alt=\"\" aria-describedby=\"gallery-14-7262\" srcset=\"https:\/\/www.montepisano.travel\/wp-content\/uploads\/2018\/01\/rio-grifone-montepisano1-150x150.jpg 150w, https:\/\/www.montepisano.travel\/wp-content\/uploads\/2018\/01\/rio-grifone-montepisano1-300x300.jpg 300w, https:\/\/www.montepisano.travel\/wp-content\/uploads\/2018\/01\/rio-grifone-montepisano1-100x100.jpg 100w\" sizes=\"(max-width: 150px) 100vw, 150px\" \/><\/a>\n\t\t\t<\/dt>\n\t\t\t\t<dd class='wp-caption-text gallery-caption' id='gallery-14-7262'>\n\t\t\t\tOlive appena raccolte al giusto grado di invaiatura pronte per essere frante\n\t\t\t\t<\/dd><\/dl>\n\t\t\t<br style='clear: both' \/>\n\t\t<\/div>\n\n<p>L&#8217;olio \u00e8 l\u2019elemento primario della nostra Azienda Aricola Biologica che nella sua oliveta con oltre 2.500 piante, produce l\u2019Olio Extra Vergine \u201cVICOPISANOLIO \u2013 IGP TOSCANO BIO\u201d. La produzione biologica comprende anche ortaggi tipici toscani e un frutteto di pesche, albicocche, susine, pere, fichi e kiwi.<\/p>\n<p>L\u2019impareggiabile microclima del Monte Pisano ci permette di coltivare biologicamente anche la nostra vigna che produce vino Sangiovese in purezza \u201cCEPPATO \u2013 IGT TOSCANO\u201d.<\/p>\n<p><strong>Tanti buoni motivi per vivere un&#8217;esperienza unica ed autentica.<\/strong><\/p>\n","color":"","icon":"","noDetails":false,"noInteraction":false,"imageGallery":[{"src":"https:\/\/www.montepisano.travel\/wp-content\/uploads\/2018\/01\/immagine03_5.jpg"},{"src":"https:\/\/www.montepisano.travel\/wp-content\/uploads\/2018\/01\/immagine04.jpg"},{"src":"https:\/\/www.montepisano.travel\/wp-content\/uploads\/2018\/01\/immagine05-768x576.jpg"},{"src":"https:\/\/www.montepisano.travel\/wp-content\/uploads\/2018\/01\/immagine08_3-768x576.jpg"},{"src":"https:\/\/www.montepisano.travel\/wp-content\/uploads\/2018\/01\/immagine06-768x576.jpg"},{"src":"https:\/\/www.montepisano.travel\/wp-content\/uploads\/2018\/01\/immagine09_3-768x576.jpg"},{"src":"https:\/\/www.montepisano.travel\/wp-content\/uploads\/2018\/01\/immagine10_5-768x576.jpg"},{"src":"https:\/\/www.montepisano.travel\/wp-content\/uploads\/2018\/01\/immagine11_1-768x576.jpg"},{"src":"https:\/\/www.montepisano.travel\/wp-content\/uploads\/2018\/01\/immagine12_1.jpg"}],"image":"https:\/\/www.montepisano.travel\/wp-content\/uploads\/2018\/01\/immagine03_5.jpg","addr:street":"","addr:housenumber":"","addr:postcode":"","addr:city":"","contact:phone":"","contact:email":"","opening_hours":"","capacity":"","related":{"poi":{"neighbors":["7860","7861","7913","7851","7998","7963","6674","7905","7902","7877"]}}},"geometry":{"type":"Point","coordinates":[10.584408,43.706494]}}