{"type":"Feature","properties":{"id":6674,"name":"Podere de&#8217; Pardi","description":"<h4>Produzione di olio extravergine con la Carta d\u2019Identit\u00e0 e agriturismo in posizione panoramica sul borgo di Vicopisano<\/h4>\n<p>Il Podere de\u2019 Pardi \u00e8 un\u2019azienda agricola che produce olio extra vergine di oliva per un consumatore che esige l\u2019eccellenza, la genuinit\u00e0 e l\u2019identit\u00e0.<\/p>\n<div class=\"contatti-retisti\">\n<p><img class=\"retista-f\" src=\"http:\/\/www.montepisano.travel\/wp-content\/uploads\/2018\/01\/thumb1_3.jpg\" alt=\"\" \/><\/p>\n<div class=\"det-retisti\">\n<h4>Podere de&#8217; Pardi<\/h4>\n<p>Localit\u00e0 Capitano, 3<br \/>\nVicopisano (PI)<br \/>\n+39 050 879960<br \/>\n<a href=\"mailto:info@oliodepardi.comm\">info@oliodepardi.com<\/a><br \/>\n<a href=\"http:\/\/www.oliodepardi.com\" target=\"_blank\" rel=\"noopener\">www.oliodepardi.com<\/a><\/p>\n<\/div>\n<\/div>\n<p><strong>L\u2019Olio de\u2019 Pardi<\/strong> rappresenta la sintesi della coltivazione, dell\u2019ambiente di produzione, dei metodi di raccolta e molitura delle olive. Gli olivi sono tutti coltivati sui \u201cterrazzamenti a secco\u201d del 1700, sistemazione agraria tipica del Monte Pisano. Nel cuore dell\u2019azienda, in posizione panoramica sul borgo medievale di Vicopisano, si trova l\u2019Agriturismo, incantevole casolare arredato nella perfetta tradizione toscana, combinazione di architettura contadina e confortevole modernit\u00e0 immerso tra le \u201cterrazze\u201d degli olivi secolari.<\/p>\n<p>Dietro il Podere de\u2019 Pardi c\u2019\u00e8 <strong>una storia di persone con l\u2019ambizioso progetto di produrre con questi semplici ingredienti<\/strong>: territorio, qualit\u00e0, tradizione e innovazione.<\/p>\n\n\t\t<style type='text\/css'>\n\t\t\t#gallery-13 {\n\t\t\t\tmargin: auto;\n\t\t\t}\n\t\t\t#gallery-13 .gallery-item {\n\t\t\t\tfloat: left;\n\t\t\t\tmargin-top: 10px;\n\t\t\t\ttext-align: center;\n\t\t\t\twidth: 33%;\n\t\t\t}\n\t\t\t#gallery-13 img {\n\t\t\t\tborder: 2px solid #cfcfcf;\n\t\t\t}\n\t\t\t#gallery-13 .gallery-caption {\n\t\t\t\tmargin-left: 0;\n\t\t\t}\n\t\t\t\/* see gallery_shortcode() in wp-includes\/media.php *\/\n\t\t<\/style>\n\t\t<div id='gallery-13' class='gallery galleryid-6674 gallery-columns-3 gallery-size-thumbnail'><dl class='gallery-item'>\n\t\t\t<dt class='gallery-icon landscape'>\n\t\t\t\t<a href='https:\/\/www.montepisano.travel\/podere-de-pardi-montepisano2\/'><img width=\"150\" height=\"150\" src=\"https:\/\/www.montepisano.travel\/wp-content\/uploads\/2018\/01\/podere-de-pardi-montepisano2-150x150.jpg\" class=\"attachment-thumbnail size-thumbnail\" alt=\"\" srcset=\"https:\/\/www.montepisano.travel\/wp-content\/uploads\/2018\/01\/podere-de-pardi-montepisano2-150x150.jpg 150w, https:\/\/www.montepisano.travel\/wp-content\/uploads\/2018\/01\/podere-de-pardi-montepisano2-300x300.jpg 300w, https:\/\/www.montepisano.travel\/wp-content\/uploads\/2018\/01\/podere-de-pardi-montepisano2-100x100.jpg 100w\" sizes=\"(max-width: 150px) 100vw, 150px\" \/><\/a>\n\t\t\t<\/dt><\/dl><dl class='gallery-item'>\n\t\t\t<dt class='gallery-icon landscape'>\n\t\t\t\t<a href='https:\/\/www.montepisano.travel\/podere-de-pardi-montepisano1\/'><img width=\"150\" height=\"150\" src=\"https:\/\/www.montepisano.travel\/wp-content\/uploads\/2018\/01\/podere-de-pardi-montepisano1-150x150.jpg\" class=\"attachment-thumbnail size-thumbnail\" alt=\"\" srcset=\"https:\/\/www.montepisano.travel\/wp-content\/uploads\/2018\/01\/podere-de-pardi-montepisano1-150x150.jpg 150w, https:\/\/www.montepisano.travel\/wp-content\/uploads\/2018\/01\/podere-de-pardi-montepisano1-300x300.jpg 300w, https:\/\/www.montepisano.travel\/wp-content\/uploads\/2018\/01\/podere-de-pardi-montepisano1-100x100.jpg 100w\" sizes=\"(max-width: 150px) 100vw, 150px\" \/><\/a>\n\t\t\t<\/dt><\/dl><dl class='gallery-item'>\n\t\t\t<dt class='gallery-icon landscape'>\n\t\t\t\t<a href='https:\/\/www.montepisano.travel\/podere-de-pardi-montepisano\/'><img width=\"150\" height=\"150\" src=\"https:\/\/www.montepisano.travel\/wp-content\/uploads\/2018\/01\/podere-de-pardi-montepisano-150x150.jpg\" class=\"attachment-thumbnail size-thumbnail\" alt=\"\" srcset=\"https:\/\/www.montepisano.travel\/wp-content\/uploads\/2018\/01\/podere-de-pardi-montepisano-150x150.jpg 150w, https:\/\/www.montepisano.travel\/wp-content\/uploads\/2018\/01\/podere-de-pardi-montepisano-300x300.jpg 300w, https:\/\/www.montepisano.travel\/wp-content\/uploads\/2018\/01\/podere-de-pardi-montepisano-100x100.jpg 100w\" sizes=\"(max-width: 150px) 100vw, 150px\" \/><\/a>\n\t\t\t<\/dt><\/dl><br style=\"clear: both\" \/><dl class='gallery-item'>\n\t\t\t<dt class='gallery-icon landscape'>\n\t\t\t\t<a href='https:\/\/www.montepisano.travel\/podere-de-pardi-montepisano3\/'><img width=\"150\" height=\"150\" src=\"https:\/\/www.montepisano.travel\/wp-content\/uploads\/2018\/01\/podere-de-pardi-montepisano3-150x150.jpg\" class=\"attachment-thumbnail size-thumbnail\" alt=\"\" srcset=\"https:\/\/www.montepisano.travel\/wp-content\/uploads\/2018\/01\/podere-de-pardi-montepisano3-150x150.jpg 150w, https:\/\/www.montepisano.travel\/wp-content\/uploads\/2018\/01\/podere-de-pardi-montepisano3-300x300.jpg 300w, https:\/\/www.montepisano.travel\/wp-content\/uploads\/2018\/01\/podere-de-pardi-montepisano3-100x100.jpg 100w\" sizes=\"(max-width: 150px) 100vw, 150px\" \/><\/a>\n\t\t\t<\/dt><\/dl>\n\t\t\t<br style='clear: both' \/>\n\t\t<\/div>\n\n<p>La costante innovazione e collaborazione con il mondo della scienza, ha portato alla nascita del \u201cSistema Carta d\u2019Identit\u00e0 dell\u2019Olio Extra Vergine di Oliva Italiano di Qualit\u00e0 \u2013 CDI OEVO\u201d, metodo che permette di tracciare, identificare, caratterizzare e valorizzare l\u2019Extra Vergine. Grazie alla CDI OEVO ogni produzione di olio italiano di qualit\u00e0 pu\u00f2 dotarsi di un vero e proprio documento di identit\u00e0 che, oltre a garantire la sicurezza alimentare, mette in contatto produttore \u2013 consumatore anche tramite i pi\u00f9 moderni strumenti di comunicazione e interazione.<\/p>\n<p>Il portale dedicato al Sistema CDI OEVO \u00e8 <a href=\"http:\/\/www.guidaolio.it\" target=\"_blank\" rel=\"noopener\">www.guidaolio.it<\/a><\/p>\n","color":"","icon":"","noDetails":false,"noInteraction":false,"addr:street":"","addr:housenumber":"","addr:postcode":"","addr:city":"","contact:phone":"","contact:email":"","opening_hours":"","capacity":"","related":{"poi":{"neighbors":["7861","7860","6656","7998","7963","7851","7913","6694","7902","7957"]}}},"geometry":{"type":"Point","coordinates":[10.572785,43.703852]}}