{"type":"Feature","properties":{"id":6691,"name":"Osteria all&#8217;Ussero da Antonio","description":"<h4>L&#8217;Osteria, ricavata all\u2019interno dell\u2019antico \u201ccoppaio\u201d del giardino della Villa di Corliano, propone sapori e menu di alta qualit\u00e0 in un\u2019ambientazione tipica toscana.<\/h4>\n<p>Situata all&#8217;interno del parco della Villa storica di Corliano, l&#8217;osteria \u00e8 stata ricavata nell\u2019edificio adibito in passato a coppaio della Fattoria, luogo dove alloggiavano gli orci in terracotta per conservare l\u2019olio.<\/p>\n<div class=\"contatti-retisti\">\n<p><img class=\"retista-f\" src=\"http:\/\/www.montepisano.travel\/wp-content\/uploads\/2018\/01\/img-20171025-wa0000.jpg\" alt=\"\" \/><\/p>\n<div class=\"det-retisti\">\n<h4>Osteria all&#8217;Ussero da Antonio<\/h4>\n<p>Via Statale Abetone e Brennero, 50<br \/>\nSan Giuliano Terme (PI)<br \/>\n+39 331 579 1910<br \/>\n<a href=\"http:\/\/www.villadicorliano.it\" target=\"_blank\" rel=\"noopener\">www.villadicorliano.it<\/a><\/p>\n<\/div>\n<\/div>\n<p>I fabbricati del complesso della Fattoria furono realizzati nel 1755 dall\u2019architetto Ignazio Pellegrini, pi\u00f9 volte chiamato a disegnare molte residenze nobili della campagna circostante. L\u2019osteria, che propone sia ristorazione che caffetteria, offre dunque la possibilit\u00e0 di pranzare in un ambiente tranquillo ed autentico, tipico della tradizione rurale toscana, anche all\u2019aperto negli spazi allestiti nel parco.<\/p>\n<p>Si raggiunge percorrendo la vecchia statale dell&#8217;Abetone e del Brennero, che da Pisa passa da San Giuliano Terme e arriva fino a Lucca percorrendo il lungomonte.<\/p>\n\n\t\t<style type='text\/css'>\n\t\t\t#gallery-2 {\n\t\t\t\tmargin: auto;\n\t\t\t}\n\t\t\t#gallery-2 .gallery-item {\n\t\t\t\tfloat: left;\n\t\t\t\tmargin-top: 10px;\n\t\t\t\ttext-align: center;\n\t\t\t\twidth: 33%;\n\t\t\t}\n\t\t\t#gallery-2 img {\n\t\t\t\tborder: 2px solid #cfcfcf;\n\t\t\t}\n\t\t\t#gallery-2 .gallery-caption {\n\t\t\t\tmargin-left: 0;\n\t\t\t}\n\t\t\t\/* see gallery_shortcode() in wp-includes\/media.php *\/\n\t\t<\/style>\n\t\t<div id='gallery-2' class='gallery galleryid-6691 gallery-columns-3 gallery-size-thumbnail'><dl class='gallery-item'>\n\t\t\t<dt class='gallery-icon landscape'>\n\t\t\t\t<a href='https:\/\/www.montepisano.travel\/osteria-ussero-montepisano2\/'><img width=\"150\" height=\"150\" src=\"https:\/\/www.montepisano.travel\/wp-content\/uploads\/2018\/01\/osteria-ussero-montepisano2-150x150.jpeg\" class=\"attachment-thumbnail size-thumbnail\" alt=\"\" srcset=\"https:\/\/www.montepisano.travel\/wp-content\/uploads\/2018\/01\/osteria-ussero-montepisano2-150x150.jpeg 150w, https:\/\/www.montepisano.travel\/wp-content\/uploads\/2018\/01\/osteria-ussero-montepisano2-300x300.jpeg 300w, https:\/\/www.montepisano.travel\/wp-content\/uploads\/2018\/01\/osteria-ussero-montepisano2-100x100.jpeg 100w\" sizes=\"(max-width: 150px) 100vw, 150px\" \/><\/a>\n\t\t\t<\/dt><\/dl><dl class='gallery-item'>\n\t\t\t<dt class='gallery-icon landscape'>\n\t\t\t\t<a href='https:\/\/www.montepisano.travel\/osteria-ussero-montepisano\/'><img width=\"150\" height=\"150\" src=\"https:\/\/www.montepisano.travel\/wp-content\/uploads\/2018\/01\/osteria-ussero-montepisano-150x150.jpeg\" class=\"attachment-thumbnail size-thumbnail\" alt=\"\" srcset=\"https:\/\/www.montepisano.travel\/wp-content\/uploads\/2018\/01\/osteria-ussero-montepisano-150x150.jpeg 150w, https:\/\/www.montepisano.travel\/wp-content\/uploads\/2018\/01\/osteria-ussero-montepisano-300x300.jpeg 300w, https:\/\/www.montepisano.travel\/wp-content\/uploads\/2018\/01\/osteria-ussero-montepisano-100x100.jpeg 100w\" sizes=\"(max-width: 150px) 100vw, 150px\" \/><\/a>\n\t\t\t<\/dt><\/dl><dl class='gallery-item'>\n\t\t\t<dt class='gallery-icon landscape'>\n\t\t\t\t<a href='https:\/\/www.montepisano.travel\/osteria-ussero-montepisano3\/'><img width=\"150\" height=\"150\" src=\"https:\/\/www.montepisano.travel\/wp-content\/uploads\/2018\/01\/osteria-ussero-montepisano3-150x150.jpeg\" class=\"attachment-thumbnail size-thumbnail\" alt=\"\" srcset=\"https:\/\/www.montepisano.travel\/wp-content\/uploads\/2018\/01\/osteria-ussero-montepisano3-150x150.jpeg 150w, https:\/\/www.montepisano.travel\/wp-content\/uploads\/2018\/01\/osteria-ussero-montepisano3-300x300.jpeg 300w, https:\/\/www.montepisano.travel\/wp-content\/uploads\/2018\/01\/osteria-ussero-montepisano3-100x100.jpeg 100w\" sizes=\"(max-width: 150px) 100vw, 150px\" \/><\/a>\n\t\t\t<\/dt><\/dl><br style=\"clear: both\" \/><dl class='gallery-item'>\n\t\t\t<dt class='gallery-icon landscape'>\n\t\t\t\t<a href='https:\/\/www.montepisano.travel\/osteria-ussero-montepisano1\/'><img width=\"150\" height=\"150\" src=\"https:\/\/www.montepisano.travel\/wp-content\/uploads\/2018\/01\/osteria-ussero-montepisano1-150x150.jpg\" class=\"attachment-thumbnail size-thumbnail\" alt=\"\" srcset=\"https:\/\/www.montepisano.travel\/wp-content\/uploads\/2018\/01\/osteria-ussero-montepisano1-150x150.jpg 150w, https:\/\/www.montepisano.travel\/wp-content\/uploads\/2018\/01\/osteria-ussero-montepisano1-300x300.jpg 300w, https:\/\/www.montepisano.travel\/wp-content\/uploads\/2018\/01\/osteria-ussero-montepisano1-100x100.jpg 100w\" sizes=\"(max-width: 150px) 100vw, 150px\" \/><\/a>\n\t\t\t<\/dt><\/dl>\n\t\t\t<br style='clear: both' \/>\n\t\t<\/div>\n\n<p>Sono benvenuti ospiti celiaci!<\/p>\n<p>Ad integrare l\u2019offerta dell\u2019Osteria, la prospicente Villa di Corliano, dimora storica rinascimentale del XV secolo, \u00e8 stata di recente adibita a struttura ricettiva.<\/p>\n","color":"","icon":"","noDetails":false,"noInteraction":false,"addr:street":"","addr:housenumber":"","addr:postcode":"","addr:city":"","contact:phone":"","contact:email":"","opening_hours":"","capacity":"","related":{"poi":{"neighbors":["7847","6821","7873","7914","7864","6842","6785","7850","7916","7899"]}}},"geometry":{"type":"Point","coordinates":[10.428783,43.780629]}}