{"type":"Feature","properties":{"id":6694,"name":"Natura Nakupenda","description":"<h4>Agricoltura sociale e ospitalit\u00e0 in un antico casale. Naturability: percorsi di orto-terapia, socialit\u00e0, cibo sano, immersi nella poesia della natura vista mare.<\/h4>\n<div class=\"contatti-retisti\">\n<p><img class=\"retista-f\" src=\"http:\/\/www.montepisano.travel\/wp-content\/uploads\/2018\/01\/natura_nakupenda_4_2200x.jpg\" alt=\"\" \/><\/p>\n<div class=\"det-retisti\">\n<h4>Natura Nakupenda<\/h4>\n<p>Loc. Campo dei Lupi<br \/>\nVicopisano (PI)<br \/>\n+ 39 050 701083<br \/>\n<a href=\"mailto:info@naturanakupenda.net\">info@naturanakupenda.net<\/a><br \/>\n<a href=\"http:\/\/www.naturanakupenda.net\" target=\"_blank\" rel=\"noopener\">www.naturanakupenda.net<\/a><\/p>\n<\/div>\n<\/div>\n","color":"","icon":"","noDetails":false,"noInteraction":false,"addr:street":"","addr:housenumber":"","addr:postcode":"","addr:city":"","contact:phone":"","contact:email":"","opening_hours":"","capacity":"","related":{"poi":{"neighbors":["7889","7927","6674","7853","7957","7870","7902","7998","7861","7963"]}}},"geometry":{"type":"Point","coordinates":[10.55397,43.695423]}}