{"type":"Feature","properties":{"id":6695,"name":"Montepisano Store","description":"<h4>Acquisti e informazioni utili per scoprire il nostro territorio.<\/h4>\n<p>Montepisano Store: agenzia incoming, tour operator, vendita prodotti locali.<\/p>\n<p><strong>Stai viaggiando nel cuore della Toscana tra Pisa e Lucca?<\/strong><br \/>\nAl Montepisano Store trovi tutte le informazioni utili al tuo viaggio.<\/p>\n<div class=\"contatti-retisti\">\n<p><img class=\"retista-f\" src=\"http:\/\/www.montepisano.travel\/wp-content\/uploads\/2018\/01\/thumb_2_0.jpg\" alt=\"\" \/><\/p>\n<div class=\"det-retisti\">\n<h4>Montepisano Store<\/h4>\n<p>+39 050 7846847<br \/>\n+39 366 6949330<\/p>\n<p><a href=\"mailto:info@montepisano.travel\">info@montepisano.travel<\/a><br \/>\n<a href=\"http:\/\/www.montepisano.travel\" rel=\"noopener\">www.montepisano.travel<\/a><\/p>\n<\/div>\n<\/div>\n<p><strong>Raffaella, Irene e Pietro<\/strong> conoscono le persone, i luoghi e i prodotti del Monte Pisano: ti ascoltano e ti consigliano.<\/p>\n<p>Dove fermarti per una sosta di poche ore o dove soggiornare per qualche giorno e dove gustare la cucina locale.<\/p>\n\n\t\t<style type='text\/css'>\n\t\t\t#gallery-4 {\n\t\t\t\tmargin: auto;\n\t\t\t}\n\t\t\t#gallery-4 .gallery-item {\n\t\t\t\tfloat: left;\n\t\t\t\tmargin-top: 10px;\n\t\t\t\ttext-align: center;\n\t\t\t\twidth: 33%;\n\t\t\t}\n\t\t\t#gallery-4 img {\n\t\t\t\tborder: 2px solid #cfcfcf;\n\t\t\t}\n\t\t\t#gallery-4 .gallery-caption {\n\t\t\t\tmargin-left: 0;\n\t\t\t}\n\t\t\t\/* see gallery_shortcode() in wp-includes\/media.php *\/\n\t\t<\/style>\n\t\t<div id='gallery-4' class='gallery galleryid-6695 gallery-columns-3 gallery-size-thumbnail'><dl class='gallery-item'>\n\t\t\t<dt class='gallery-icon landscape'>\n\t\t\t\t<a href='https:\/\/www.montepisano.travel\/montepisano-store1\/'><img width=\"150\" height=\"150\" src=\"https:\/\/www.montepisano.travel\/wp-content\/uploads\/2018\/01\/montepisano-store1-150x150.jpg\" class=\"attachment-thumbnail size-thumbnail\" alt=\"\" aria-describedby=\"gallery-4-7404\" srcset=\"https:\/\/www.montepisano.travel\/wp-content\/uploads\/2018\/01\/montepisano-store1-150x150.jpg 150w, https:\/\/www.montepisano.travel\/wp-content\/uploads\/2018\/01\/montepisano-store1-300x300.jpg 300w, https:\/\/www.montepisano.travel\/wp-content\/uploads\/2018\/01\/montepisano-store1-100x100.jpg 100w\" sizes=\"(max-width: 150px) 100vw, 150px\" \/><\/a>\n\t\t\t<\/dt>\n\t\t\t\t<dd class='wp-caption-text gallery-caption' id='gallery-4-7404'>\n\t\t\t\tScegli insieme a Pietro i nostri prodotti del territorio, secondo i tuoi gusti e le tue esigenze\n\t\t\t\t<\/dd><\/dl><dl class='gallery-item'>\n\t\t\t<dt class='gallery-icon landscape'>\n\t\t\t\t<a href='https:\/\/www.montepisano.travel\/montepisano-store\/'><img width=\"150\" height=\"150\" src=\"https:\/\/www.montepisano.travel\/wp-content\/uploads\/2018\/01\/montepisano-store-150x150.jpg\" class=\"attachment-thumbnail size-thumbnail\" alt=\"\" aria-describedby=\"gallery-4-7406\" srcset=\"https:\/\/www.montepisano.travel\/wp-content\/uploads\/2018\/01\/montepisano-store-150x150.jpg 150w, https:\/\/www.montepisano.travel\/wp-content\/uploads\/2018\/01\/montepisano-store-300x300.jpg 300w, https:\/\/www.montepisano.travel\/wp-content\/uploads\/2018\/01\/montepisano-store-100x100.jpg 100w\" sizes=\"(max-width: 150px) 100vw, 150px\" \/><\/a>\n\t\t\t<\/dt>\n\t\t\t\t<dd class='wp-caption-text gallery-caption' id='gallery-4-7406'>\n\t\t\t\tRaffaella e Irene ti dicono cosa puoi fare oggi sul Monte Pisano\n\t\t\t\t<\/dd><\/dl><dl class='gallery-item'>\n\t\t\t<dt class='gallery-icon landscape'>\n\t\t\t\t<a href='https:\/\/www.montepisano.travel\/montepisano-store2\/'><img width=\"150\" height=\"150\" src=\"https:\/\/www.montepisano.travel\/wp-content\/uploads\/2018\/01\/montepisano-store2-150x150.jpg\" class=\"attachment-thumbnail size-thumbnail\" alt=\"\" aria-describedby=\"gallery-4-7408\" srcset=\"https:\/\/www.montepisano.travel\/wp-content\/uploads\/2018\/01\/montepisano-store2-150x150.jpg 150w, https:\/\/www.montepisano.travel\/wp-content\/uploads\/2018\/01\/montepisano-store2-300x300.jpg 300w, https:\/\/www.montepisano.travel\/wp-content\/uploads\/2018\/01\/montepisano-store2-100x100.jpg 100w\" sizes=\"(max-width: 150px) 100vw, 150px\" \/><\/a>\n\t\t\t<\/dt>\n\t\t\t\t<dd class='wp-caption-text gallery-caption' id='gallery-4-7408'>\n\t\t\t\tEcco cosa puoi trovare nel nostro store\n\t\t\t\t<\/dd><\/dl><br style=\"clear: both\" \/>\n\t\t<\/div>\n\n<p>Quali itinerari percorrere: dalle escursioni a piedi o in bicicletta, in autonomia o accompagnati dalle nostre guide ambientali, fino alle gite in barca al tramonto.<\/p>\n<p>Quali eventi in questo momento animano i nostri borghi.<\/p>\n<p><strong>Al Montepisano Store, trovi i migliori prodotti di esclusiva provenienza locale<\/strong>: olio extravergine di oliva, vini di qualit\u00e0 certificata, liquori e grappe, confetture, miele, artigianato locale; le mappe, le guide e i libri che raccontano il nostro territorio.<\/p>\n","color":"","icon":"","noDetails":false,"noInteraction":false,"imageGallery":[{"src":"https:\/\/www.montepisano.travel\/wp-content\/uploads\/2018\/01\/montepisano_store_00008_1024x_0-768x481.jpg"},{"src":"https:\/\/www.montepisano.travel\/wp-content\/uploads\/2018\/01\/montepisano_store_00011_1024x_0-768x481.jpg"},{"src":"https:\/\/www.montepisano.travel\/wp-content\/uploads\/2018\/01\/montepisano_store_00009_1024x_0-768x481.jpg"},{"src":"https:\/\/www.montepisano.travel\/wp-content\/uploads\/2018\/01\/montepisano_store_00002_1024x_0-768x481.jpg"},{"src":"https:\/\/www.montepisano.travel\/wp-content\/uploads\/2018\/01\/montepisano_store_00001_1024x_0-768x481.jpg"},{"src":"https:\/\/www.montepisano.travel\/wp-content\/uploads\/2018\/01\/montepisano_store_00005_1024x_0-768x481.jpg"},{"src":"https:\/\/www.montepisano.travel\/wp-content\/uploads\/2018\/01\/montepisano_store_00010_1024x_0-768x1160.jpg"},{"src":"https:\/\/www.montepisano.travel\/wp-content\/uploads\/2016\/10\/montepisano-store-960x458-768x366.jpg"},{"src":"https:\/\/www.montepisano.travel\/wp-content\/uploads\/2018\/01\/nsmail-5_1024x-768x481.jpg"}],"image":"https:\/\/www.montepisano.travel\/wp-content\/uploads\/2018\/01\/montepisano_store_00008_1024x_0-768x481.jpg","addr:street":"","addr:housenumber":"","addr:postcode":"","addr:city":"","contact:phone":"","contact:email":"","opening_hours":"","capacity":"","related":{"poi":{"neighbors":["567","566","6925","6985","7879","7985","7866","7949","7945","7303"]}}},"geometry":{"type":"Point","coordinates":[10.441934,43.762889]}}