{"type":"Feature","properties":{"id":6716,"name":"Mi Garba Bio","description":"<h4>Dalla foglia dell&#8217;olivo il biologico per la bellezza: una bottega di prodotti naturali a 360 gradi.<\/h4>\n<p>Siamo Serena e Alessio, due di tre fratelli. Quando si entra nel nostro negozio si pu\u00f2 capire subito che non si tratta di una normale bottega, gi\u00e0 il nome lo fa capire, \u201cMi Garba Bio\u201d non lascia equivoci, solo Biologico e solo Toscano. S\u00ec, siamo intransigenti, a noi i prodotti locali trattati con pesticidi non piacciono, n\u00e9 tanto meno quelli biologici che vengono dalla Cina.<\/p>\n<div class=\"contatti-retisti\">\n<p><img class=\"retista-f\" src=\"http:\/\/www.montepisano.travel\/wp-content\/uploads\/2018\/01\/migarbabio.jpg\" alt=\"\" \/><\/p>\n<div class=\"det-retisti\">\n<h4>Mi Garba Bio<\/h4>\n<p>Via Statale Abetone, 160 &#8211; Molina di Quosa (PI)<br \/>\n+39 050 6138302<br \/>\n<a href=\"mailto:migarbabio@domusoleatoscana.com\">imigarbabio@domusoleatoscana.com<\/a><br \/>\n<a href=\"http:\/\/www.domusoleatoscana.com\" target=\"_blank\" rel=\"noopener\">www.domusoleatoscana.com<\/a><\/p>\n<\/div>\n<\/div>\n<p>La salsa di soia per\u00f2 ce l&#8217;abbiamo, ma da noi si fa con le lenticchie e i ceci e viene anche pi\u00f9 buona. E poi siamo anche per la variet\u00e0 genuina e contro la globalizzazione dei sapori, perch\u00e9 al supermercato hanno deciso di farci mangiare quelle poche cose che convengono solo a chi vuol fare soldi. Invece c&#8217;\u00e8 un mondo nascosto di custodi di sapori, i contadini che ogni giorno fanno sopravvivere piante, cereali e legumi antichi, che hanno nomi, colore e forma strani. E poi, i nostri contadini fanno anche gli alchimisti&#8230;.Da noi le marmellate hanno nomi strani, zucca e mandorle, pere e passito, melecotogne e uvetta, fichi neri e noci. Per non parlare dei liquori e dei dolci. Da noi i succhi conservano la polpa, la pasta e la farina hanno ancora il germe di grano, le spezie sono state raccolte l\u00e0 dove la natura ha deciso di farle nascere e i formaggi non alzano il colesterolo perch\u00e9 le pecore mangiano bene e all&#8217;aperto.<\/p>\n<p><strong>Da noi gli olii, insieme alle spezie prendono la forma di creazioni artistiche e i mieli non sono solo dei soliti tre tipi<\/strong>, c&#8217;\u00e8 anche quello al Tiglio, al Girasole, all&#8217;Edera, al Melo, all&#8217;Eucalipto a molti altri. Anche se il mio preferito \u00e8 sempre quello di Spiaggia, perch\u00e9 quando lo apro mi riporta in un attimo sulle dune del Parco davanti al mare.<\/p>\n\n\t\t<style type='text\/css'>\n\t\t\t#gallery-11 {\n\t\t\t\tmargin: auto;\n\t\t\t}\n\t\t\t#gallery-11 .gallery-item {\n\t\t\t\tfloat: left;\n\t\t\t\tmargin-top: 10px;\n\t\t\t\ttext-align: center;\n\t\t\t\twidth: 33%;\n\t\t\t}\n\t\t\t#gallery-11 img {\n\t\t\t\tborder: 2px solid #cfcfcf;\n\t\t\t}\n\t\t\t#gallery-11 .gallery-caption {\n\t\t\t\tmargin-left: 0;\n\t\t\t}\n\t\t\t\/* see gallery_shortcode() in wp-includes\/media.php *\/\n\t\t<\/style>\n\t\t<div id='gallery-11' class='gallery galleryid-6716 gallery-columns-3 gallery-size-thumbnail'><dl class='gallery-item'>\n\t\t\t<dt class='gallery-icon landscape'>\n\t\t\t\t<a href='https:\/\/www.montepisano.travel\/mi-garba-bio-montepisano\/'><img width=\"150\" height=\"150\" src=\"https:\/\/www.montepisano.travel\/wp-content\/uploads\/2018\/01\/mi-garba-bio-montepisano-150x150.jpg\" class=\"attachment-thumbnail size-thumbnail\" alt=\"\" srcset=\"https:\/\/www.montepisano.travel\/wp-content\/uploads\/2018\/01\/mi-garba-bio-montepisano-150x150.jpg 150w, https:\/\/www.montepisano.travel\/wp-content\/uploads\/2018\/01\/mi-garba-bio-montepisano-300x300.jpg 300w, https:\/\/www.montepisano.travel\/wp-content\/uploads\/2018\/01\/mi-garba-bio-montepisano-100x100.jpg 100w\" sizes=\"(max-width: 150px) 100vw, 150px\" \/><\/a>\n\t\t\t<\/dt><\/dl><dl class='gallery-item'>\n\t\t\t<dt class='gallery-icon landscape'>\n\t\t\t\t<a href='https:\/\/www.montepisano.travel\/mi-garba-bio-montepisano1\/'><img width=\"150\" height=\"150\" src=\"https:\/\/www.montepisano.travel\/wp-content\/uploads\/2018\/01\/mi-garba-bio-montepisano1-150x150.jpg\" class=\"attachment-thumbnail size-thumbnail\" alt=\"\" srcset=\"https:\/\/www.montepisano.travel\/wp-content\/uploads\/2018\/01\/mi-garba-bio-montepisano1-150x150.jpg 150w, https:\/\/www.montepisano.travel\/wp-content\/uploads\/2018\/01\/mi-garba-bio-montepisano1-300x300.jpg 300w, https:\/\/www.montepisano.travel\/wp-content\/uploads\/2018\/01\/mi-garba-bio-montepisano1-100x100.jpg 100w\" sizes=\"(max-width: 150px) 100vw, 150px\" \/><\/a>\n\t\t\t<\/dt><\/dl><dl class='gallery-item'>\n\t\t\t<dt class='gallery-icon landscape'>\n\t\t\t\t<a href='https:\/\/www.montepisano.travel\/mi-garba-bio-montepisano2\/'><img width=\"150\" height=\"150\" src=\"https:\/\/www.montepisano.travel\/wp-content\/uploads\/2018\/01\/mi-garba-bio-montepisano2-150x150.jpg\" class=\"attachment-thumbnail size-thumbnail\" alt=\"\" srcset=\"https:\/\/www.montepisano.travel\/wp-content\/uploads\/2018\/01\/mi-garba-bio-montepisano2-150x150.jpg 150w, https:\/\/www.montepisano.travel\/wp-content\/uploads\/2018\/01\/mi-garba-bio-montepisano2-300x300.jpg 300w, https:\/\/www.montepisano.travel\/wp-content\/uploads\/2018\/01\/mi-garba-bio-montepisano2-100x100.jpg 100w\" sizes=\"(max-width: 150px) 100vw, 150px\" \/><\/a>\n\t\t\t<\/dt><\/dl><br style=\"clear: both\" \/><dl class='gallery-item'>\n\t\t\t<dt class='gallery-icon landscape'>\n\t\t\t\t<a href='https:\/\/www.montepisano.travel\/mi-garba-bio-montepisano3\/'><img width=\"150\" height=\"150\" src=\"https:\/\/www.montepisano.travel\/wp-content\/uploads\/2018\/01\/mi-garba-bio-montepisano3-150x150.jpg\" class=\"attachment-thumbnail size-thumbnail\" alt=\"\" srcset=\"https:\/\/www.montepisano.travel\/wp-content\/uploads\/2018\/01\/mi-garba-bio-montepisano3-150x150.jpg 150w, https:\/\/www.montepisano.travel\/wp-content\/uploads\/2018\/01\/mi-garba-bio-montepisano3-300x300.jpg 300w, https:\/\/www.montepisano.travel\/wp-content\/uploads\/2018\/01\/mi-garba-bio-montepisano3-100x100.jpg 100w\" sizes=\"(max-width: 150px) 100vw, 150px\" \/><\/a>\n\t\t\t<\/dt><\/dl>\n\t\t\t<br style='clear: both' \/>\n\t\t<\/div>\n\n<p>E pensare che tutto questo patrimonio di sapori lo abbiamo scoperto per caso, mentre cercavamo le piante da utilizzare per i nostri cosmeceutici. S\u00ec perch\u00e9 anche noi siamo produttori. Tutto \u00e8 iniziato quando dal centro di Pisa ci trasferimmo in campagna e nostro padre, giunto alla pensione, inizi\u00f2 per passione a <strong>recuperare oliveti abbandonati sul Monte Pisano<\/strong>. Fu un lavoro molto duro, gli oliveti erano ricoperti di rovi e furono riportati alla luce, ma non ci fu raccolto per 3 anni. Dopo per\u00f2, nacque il noto olio extravergine di Oliva \u201cL&#8217;Oro del Colonnello\u201d, ci specializzammo nell&#8217;alta qualit\u00e0 e ne facemmo un IGP Toscano dei Monti Pisani Biologico, cos\u00ec buono che lo vengono a cercare da lontano.<\/p>\n<p>Io invece, dopo studi universitari sul Biologico e sull&#8217;Olivo, iniziai ad occuparmi, con il Dipartimento di Scienze Farmaceutiche dell&#8217;Universit\u00e0 di Firenze, della creazione dei Cosmeceutici Eco-Bio Domus Olea Toscana, scoprendo un&#8217;eccezionale attivit\u00e0 anti-invecchiamento nelle foglie di Olivo ed in altre piante toscane. Nacquero prodotti per la bellezza e la salute della pelle, ad attivit\u00e0 dimostrata, apprezzati in breve tempo in Italia e all&#8217;estero.<br \/>\nMio fratello Alessio, che lavorava a Londra da 8 anni come Ingegnere delle telecomunicazioni, decise di tornare per aiutarmi in questo ambizioso progetto e anche per migliorare la qualit\u00e0 della sua vita.<\/p>\n<p><strong>S\u00ec perch\u00e9 qui tutto scorre secondo ritmi umani, ci se ne accorge quando si entra a Molina di Quosa, paesino di origini medievali, in passato molto conteso tra Pisa e Lucca<\/strong>, che deve il suo nome ai numerosi mulini, ormai dismessi, costruiti sul vecchio torrente Cuoza e dedicati alla macina dei cereali e alla spremitura delle olive. Qui si trova gente a chiaccherare all&#8217;ombra del grande platano con il sottofondo dello scorrere dell&#8217;acqua. Si pu\u00f2 decidere di fare una passeggiata su per il borgo antico, magari fermandosi a comprare una preparazione gastronomica di Ciapino o il pesce fresco che arriva ogni venerd\u00ec portato da Salvatore. E poi andare a vedere il laboratorio artigiano di Antonio e Simone e il loro meraviglioso atelier di mobili d&#8217;epoca. O fermarsi da Claudia che, se non \u00e8 impegnata nei corsi di cucito per bambini, \u00e8 nel suo negozio di oggetti per la casa decorati con le sue mani.<\/p>\n<p>Si pu\u00f2 salire per la strada panoramica, arrivare al monumento ai caduti della Resistenza Partigiana (eccidio nazifascista del 1944), godendo del panorama sulla piana di Pisa che porta lo sguardo fino al mare, e a volte, fino alle isole dell&#8217;Arcipelago. Poi andare a mangiare qualche gustoso piatto tipico cucinato da Dario e Michela.<\/p>\n<p>Per chi ama camminare, le sorprese sono tante, si pu\u00f2 scendere dalla cima del monte per i sentieri che portano verso San Giuliano, o verso Lucca, o verso la Rocca di Ripafratta, oppure prendere il Passo del Frantoio per andare ad ammirare un antico mulino costruito sulla fortificazione del 1300 della famiglia Agliata.<\/p>\n<p><strong>Si possono vedere le bellissime ville sparse vicino alla lungomonte<\/strong>, visitare le antiche pievi romaniche di Rigoli (VII sec.) e Pugnano (XI sec.) e infine ammirare gli antichi terrazzamenti con gli olivi, mentre si percorre la strada sterrata che porta alla Casetta delle Selve, dove vive l&#8217;eclettica Nicla Menchi, autrice di meravigliosi racconti.<br \/>\nA fine giornata potrete rilassarvi negli incantevoli e accoglienti B&amp;B e agriturismi vicini, sul monte o in piano, ognuno con la sua particolarit\u00e0.<\/p>\n<p><strong>Venendo a trovarci al Mi Garba Bio<\/strong> potrete assaggiare i sapori dei nostri luoghi, provare sulla pelle i nostri Cosmeceutici e comporre anche dei regali originali da portare a casa, combinando gli alimentari con i prodotti per la bellezza, in fondo le materie prime vengono dagli stessi terreni.<\/p>\n<p>Uscendo dal Mi Garba Bio potrete esplorare un territorio ricco di sorprese ad ogni angolo e se capitate la terza domenica di Ottobre potrete gustare in assoluta anteprima l&#8217;olio nuovo e le castagne alla Sagra di Molina. Vi aspettiamo!<\/p>\n","color":"","icon":"","noDetails":false,"noInteraction":false,"imageGallery":[{"src":"https:\/\/www.montepisano.travel\/wp-content\/uploads\/2018\/01\/immagine08_bis_opt-768x767.jpg"},{"src":"https:\/\/www.montepisano.travel\/wp-content\/uploads\/2018\/01\/immagine09_6-768x432.jpg"},{"src":"https:\/\/www.montepisano.travel\/wp-content\/uploads\/2018\/01\/immagine10_7-768x576.jpg"},{"src":"https:\/\/www.montepisano.travel\/wp-content\/uploads\/2018\/01\/immagine11_3-768x576.jpg"},{"src":"https:\/\/www.montepisano.travel\/wp-content\/uploads\/2018\/01\/immagine04_8-768x701.jpg"},{"src":"https:\/\/www.montepisano.travel\/wp-content\/uploads\/2018\/01\/immagine13_4-768x576.jpg"},{"src":"https:\/\/www.montepisano.travel\/wp-content\/uploads\/2018\/01\/immagine12_3-768x576.jpg"},{"src":"https:\/\/www.montepisano.travel\/wp-content\/uploads\/2018\/01\/immagine07_5-768x576.jpg"},{"src":"https:\/\/www.montepisano.travel\/wp-content\/uploads\/2018\/01\/immagine06_8-768x576.jpg"}],"image":"https:\/\/www.montepisano.travel\/wp-content\/uploads\/2018\/01\/immagine08_bis_opt-768x767.jpg","addr:street":"","addr:housenumber":"","addr:postcode":"","addr:city":"","contact:phone":"","contact:email":"","opening_hours":"","capacity":"","related":{"poi":{"neighbors":["7899","7988","7850","6785","7864","7848","7852","7875","7873","7918"]}}},"geometry":{"type":"Point","coordinates":[10.422675,43.795165]}}