{"type":"Feature","properties":{"id":6737,"name":"Locanda San Ginese","description":"<h4>Splendidamente posizionata tra pianura e collina in un verde angolo della provincia di Lucca, conosciuto come &#8220;Compitese&#8221;.<\/h4>\n<p>La locanda era nel passato una tipica casa colonica con fienile e, volendone mantenere viva l&#8217;atmosfera di un tempo, nella recente ristrutturazione si \u00e8 badato a conservarne intatte le caratteristiche peculiari, come pavimenti in cotto toscano e soffitti con travi e travicelli di castagno, suddividendo, per\u00f2, in modo pi\u00f9 organico lo spazio e ricavandone quattro ampie e confortevoli camere ciascuna con bagno interno. E ultimissima novit\u00e0: due camere sono dotate anche di una piccola veranda balconcino.<\/p>\n<div class=\"contatti-retisti\">\n<p><img class=\"retista-f\" src=\"http:\/\/www.montepisano.travel\/wp-content\/uploads\/2018\/01\/alidaluca_img_20150123_171609_opt_0.jpg\" alt=\"\" \/><\/p>\n<div class=\"det-retisti\">\n<h4>Locanda San Ginese<\/h4>\n<p>Via di S. Ginese, 266 &#8211; San Ginese (LU)<br \/>\n+39 0583 907724<br \/>\n<a href=\"mailto:masbond@gmail.com\">masbond@gmail.com<\/a><br \/>\n<a href=\"http:\/\/www.locandasanginese.it\" target=\"_blank\" rel=\"noopener\">www.locandasanginese.it<\/a><\/p>\n<\/div>\n<\/div>\n<p>Pranzi e cene in famiglia si consumano nell\u2019accogliente soggiorno o, nei mesi pi\u00f9 freddi, nella sala del vecchio fienile, davanti al fuoco del grande camino stellato!<\/p>\n\n\t\t<style type='text\/css'>\n\t\t\t#gallery-9 {\n\t\t\t\tmargin: auto;\n\t\t\t}\n\t\t\t#gallery-9 .gallery-item {\n\t\t\t\tfloat: left;\n\t\t\t\tmargin-top: 10px;\n\t\t\t\ttext-align: center;\n\t\t\t\twidth: 33%;\n\t\t\t}\n\t\t\t#gallery-9 img {\n\t\t\t\tborder: 2px solid #cfcfcf;\n\t\t\t}\n\t\t\t#gallery-9 .gallery-caption {\n\t\t\t\tmargin-left: 0;\n\t\t\t}\n\t\t\t\/* see gallery_shortcode() in wp-includes\/media.php *\/\n\t\t<\/style>\n\t\t<div id='gallery-9' class='gallery galleryid-6737 gallery-columns-3 gallery-size-thumbnail'><dl class='gallery-item'>\n\t\t\t<dt class='gallery-icon landscape'>\n\t\t\t\t<a href='https:\/\/www.montepisano.travel\/locanda-san-ginese1\/'><img width=\"150\" height=\"150\" src=\"https:\/\/www.montepisano.travel\/wp-content\/uploads\/2018\/01\/locanda-san-ginese1-150x150.jpg\" class=\"attachment-thumbnail size-thumbnail\" alt=\"\" srcset=\"https:\/\/www.montepisano.travel\/wp-content\/uploads\/2018\/01\/locanda-san-ginese1-150x150.jpg 150w, https:\/\/www.montepisano.travel\/wp-content\/uploads\/2018\/01\/locanda-san-ginese1-300x300.jpg 300w, https:\/\/www.montepisano.travel\/wp-content\/uploads\/2018\/01\/locanda-san-ginese1-100x100.jpg 100w\" sizes=\"(max-width: 150px) 100vw, 150px\" \/><\/a>\n\t\t\t<\/dt><\/dl><dl class='gallery-item'>\n\t\t\t<dt class='gallery-icon landscape'>\n\t\t\t\t<a href='https:\/\/www.montepisano.travel\/locanda-san-ginese2\/'><img width=\"150\" height=\"150\" src=\"https:\/\/www.montepisano.travel\/wp-content\/uploads\/2018\/01\/locanda-san-ginese2-150x150.jpg\" class=\"attachment-thumbnail size-thumbnail\" alt=\"\" srcset=\"https:\/\/www.montepisano.travel\/wp-content\/uploads\/2018\/01\/locanda-san-ginese2-150x150.jpg 150w, https:\/\/www.montepisano.travel\/wp-content\/uploads\/2018\/01\/locanda-san-ginese2-300x300.jpg 300w, https:\/\/www.montepisano.travel\/wp-content\/uploads\/2018\/01\/locanda-san-ginese2-100x100.jpg 100w\" sizes=\"(max-width: 150px) 100vw, 150px\" \/><\/a>\n\t\t\t<\/dt><\/dl><dl class='gallery-item'>\n\t\t\t<dt class='gallery-icon landscape'>\n\t\t\t\t<a href='https:\/\/www.montepisano.travel\/locanda-san-ginese4\/'><img width=\"150\" height=\"150\" src=\"https:\/\/www.montepisano.travel\/wp-content\/uploads\/2018\/01\/locanda-san-ginese4-150x150.jpg\" class=\"attachment-thumbnail size-thumbnail\" alt=\"\" srcset=\"https:\/\/www.montepisano.travel\/wp-content\/uploads\/2018\/01\/locanda-san-ginese4-150x150.jpg 150w, https:\/\/www.montepisano.travel\/wp-content\/uploads\/2018\/01\/locanda-san-ginese4-300x300.jpg 300w, https:\/\/www.montepisano.travel\/wp-content\/uploads\/2018\/01\/locanda-san-ginese4-100x100.jpg 100w\" sizes=\"(max-width: 150px) 100vw, 150px\" \/><\/a>\n\t\t\t<\/dt><\/dl><br style=\"clear: both\" \/><dl class='gallery-item'>\n\t\t\t<dt class='gallery-icon landscape'>\n\t\t\t\t<a href='https:\/\/www.montepisano.travel\/locanda-san-ginese3\/'><img width=\"150\" height=\"150\" src=\"https:\/\/www.montepisano.travel\/wp-content\/uploads\/2018\/01\/locanda-san-ginese3-150x150.jpg\" class=\"attachment-thumbnail size-thumbnail\" alt=\"\" srcset=\"https:\/\/www.montepisano.travel\/wp-content\/uploads\/2018\/01\/locanda-san-ginese3-150x150.jpg 150w, https:\/\/www.montepisano.travel\/wp-content\/uploads\/2018\/01\/locanda-san-ginese3-300x300.jpg 300w, https:\/\/www.montepisano.travel\/wp-content\/uploads\/2018\/01\/locanda-san-ginese3-100x100.jpg 100w\" sizes=\"(max-width: 150px) 100vw, 150px\" \/><\/a>\n\t\t\t<\/dt><\/dl>\n\t\t\t<br style='clear: both' \/>\n\t\t<\/div>\n\n<p>Nella bella stagione si mangia sotto il pergolato della casa con vista sul giardino e sulla grande capanna caratterizzata dal tipico &#8216;mandolato&#8217;. E qui \u00e8 anche piacevole indugiare, sorseggiando un buon vino locale, assaggiando qualche deliziosa specialit\u00e0 toscana e le diverse variet\u00e0 di crostini e stuzzichini preparati da Luca.<\/p>\n<p><strong>Alida e Luca vi aspettano presto per coccolarvi!<\/strong><\/p>\n","color":"","icon":"","noDetails":false,"noInteraction":false,"imageGallery":[{"src":"https:\/\/www.montepisano.travel\/wp-content\/uploads\/2018\/01\/immagine_013_-_banshee_img_20150326_161139_opt-768x625.jpg"},{"src":"https:\/\/www.montepisano.travel\/wp-content\/uploads\/2018\/01\/immagine_012_-_rose_gialle_p1060630_opt-768x576.jpg"},{"src":"https:\/\/www.montepisano.travel\/wp-content\/uploads\/2018\/01\/immagine_011_-_rose_rosse_gelsomino_img_20150513_175438_opt-768x576.jpg"},{"src":"https:\/\/www.montepisano.travel\/wp-content\/uploads\/2018\/01\/immagine_010_-_pinocchio_nik_6800_opt-768x511.jpg"},{"src":"https:\/\/www.montepisano.travel\/wp-content\/uploads\/2018\/01\/immagine_009_-_rose_rosse_gelsomino_p1080942_opt-768x576.jpg"},{"src":"https:\/\/www.montepisano.travel\/wp-content\/uploads\/2018\/01\/immagine_008_-_sediadondolo_nik_6970_opt-768x511.jpg"},{"src":"https:\/\/www.montepisano.travel\/wp-content\/uploads\/2018\/01\/immagine_007_-_armadio_che_nik_6852_opt-768x511.jpg"},{"src":"https:\/\/www.montepisano.travel\/wp-content\/uploads\/2018\/01\/immagine_006_-_corallina_nik_6914_opt-768x511.jpg"},{"src":"https:\/\/www.montepisano.travel\/wp-content\/uploads\/2018\/01\/immagine_005_-_glicine_banshee_p1060333_opt-768x576.jpg"}],"image":"https:\/\/www.montepisano.travel\/wp-content\/uploads\/2018\/01\/immagine_013_-_banshee_img_20150326_161139_opt-768x625.jpg","addr:street":"","addr:housenumber":"","addr:postcode":"","addr:city":"","contact:phone":"","contact:email":"","opening_hours":"","capacity":"","related":{"poi":{"neighbors":["8008","8010","7922","7976","8007","7981","7929","7965","7919","7951"]}}},"geometry":{"type":"Point","coordinates":[10.588611,43.792778]}}