{"type":"Feature","properties":{"id":6785,"name":"La Tavolaccia","description":"<h4>Attivit\u00e0 storica del comune di San Giuliano Terme, dal 1975 un punto di riferimento per tre generazioni.<\/h4>\n<p>Situata nella frazione di Rigoli vicino alla pieve romanica di San Marco \u00e8 particolarmente apprezzata per il calore familiare, con personale preparato e veloce nel servizio.<\/p>\n<div class=\"contatti-retisti\">\n<p><img class=\"retista-f\" src=\"http:\/\/www.montepisano.travel\/wp-content\/uploads\/2018\/01\/i_tre_titolari_400x.jpg\" alt=\"\" \/><\/p>\n<div class=\"det-retisti\">\n<h4>La Tavolaccia<\/h4>\n<p>Strada Statale Abetone e Brennero, 86<br \/>\nRigoli (PI)<br \/>\n+39 050 850271<br \/>\n<a href=\"mailto:valeriociacchini@gmail.com\">valeriociacchini@gmail.com<\/a><\/p>\n<\/div>\n<\/div>\n<p><strong>Il locale recentemente ristrutturato<\/strong>, ha una zona rustica stile taverna e una nuova veranda coperta, fruibile anche nei periodi pi\u00f9 freddi e piovosi. Aperto a pranzo e cena 365 giorni all&#8217;anno \u00e8 dotato di forno a legna per una pizza al mattone prodotta con farina di grano pisano ed ingredienti di primissima qualit\u00e0. La cucina ha una ricca scelta dalla carne alla brace al pesce, valida per tutti i tipi di clientela, anche per piccole cerimonie, feste di compleanno, cene o pranzi di gruppo e nei giorni feriali per pranzi veloci a prezzi concorrenziali.<\/p>\n\n\t\t<style type='text\/css'>\n\t\t\t#gallery-8 {\n\t\t\t\tmargin: auto;\n\t\t\t}\n\t\t\t#gallery-8 .gallery-item {\n\t\t\t\tfloat: left;\n\t\t\t\tmargin-top: 10px;\n\t\t\t\ttext-align: center;\n\t\t\t\twidth: 33%;\n\t\t\t}\n\t\t\t#gallery-8 img {\n\t\t\t\tborder: 2px solid #cfcfcf;\n\t\t\t}\n\t\t\t#gallery-8 .gallery-caption {\n\t\t\t\tmargin-left: 0;\n\t\t\t}\n\t\t\t\/* see gallery_shortcode() in wp-includes\/media.php *\/\n\t\t<\/style>\n\t\t<div id='gallery-8' class='gallery galleryid-6785 gallery-columns-3 gallery-size-thumbnail'><dl class='gallery-item'>\n\t\t\t<dt class='gallery-icon landscape'>\n\t\t\t\t<a href='https:\/\/www.montepisano.travel\/la-tavolaccia-montepisano\/'><img width=\"150\" height=\"150\" src=\"https:\/\/www.montepisano.travel\/wp-content\/uploads\/2018\/01\/la-tavolaccia-montepisano-150x150.jpg\" class=\"attachment-thumbnail size-thumbnail\" alt=\"\" srcset=\"https:\/\/www.montepisano.travel\/wp-content\/uploads\/2018\/01\/la-tavolaccia-montepisano-150x150.jpg 150w, https:\/\/www.montepisano.travel\/wp-content\/uploads\/2018\/01\/la-tavolaccia-montepisano-300x300.jpg 300w, https:\/\/www.montepisano.travel\/wp-content\/uploads\/2018\/01\/la-tavolaccia-montepisano-100x100.jpg 100w\" sizes=\"(max-width: 150px) 100vw, 150px\" \/><\/a>\n\t\t\t<\/dt><\/dl><dl class='gallery-item'>\n\t\t\t<dt class='gallery-icon landscape'>\n\t\t\t\t<a href='https:\/\/www.montepisano.travel\/la-tavolaccia-montepisano1\/'><img width=\"150\" height=\"150\" src=\"https:\/\/www.montepisano.travel\/wp-content\/uploads\/2018\/01\/la-tavolaccia-montepisano1-150x150.jpg\" class=\"attachment-thumbnail size-thumbnail\" alt=\"\" srcset=\"https:\/\/www.montepisano.travel\/wp-content\/uploads\/2018\/01\/la-tavolaccia-montepisano1-150x150.jpg 150w, https:\/\/www.montepisano.travel\/wp-content\/uploads\/2018\/01\/la-tavolaccia-montepisano1-300x300.jpg 300w, https:\/\/www.montepisano.travel\/wp-content\/uploads\/2018\/01\/la-tavolaccia-montepisano1-100x100.jpg 100w\" sizes=\"(max-width: 150px) 100vw, 150px\" \/><\/a>\n\t\t\t<\/dt><\/dl><dl class='gallery-item'>\n\t\t\t<dt class='gallery-icon landscape'>\n\t\t\t\t<a href='https:\/\/www.montepisano.travel\/la-tavolaccia-montepisano2\/'><img width=\"150\" height=\"150\" src=\"https:\/\/www.montepisano.travel\/wp-content\/uploads\/2018\/01\/la-tavolaccia-montepisano2-150x150.jpg\" class=\"attachment-thumbnail size-thumbnail\" alt=\"\" srcset=\"https:\/\/www.montepisano.travel\/wp-content\/uploads\/2018\/01\/la-tavolaccia-montepisano2-150x150.jpg 150w, https:\/\/www.montepisano.travel\/wp-content\/uploads\/2018\/01\/la-tavolaccia-montepisano2-300x300.jpg 300w, https:\/\/www.montepisano.travel\/wp-content\/uploads\/2018\/01\/la-tavolaccia-montepisano2-100x100.jpg 100w\" sizes=\"(max-width: 150px) 100vw, 150px\" \/><\/a>\n\t\t\t<\/dt><\/dl><br style=\"clear: both\" \/>\n\t\t<\/div>\n\n<p>L&#8217;attivit\u00e0 ubicata lungo la statale dell&#8217;Abetone e del Brennero a met\u00e0 strada tra Pisa e Lucca \u00e8 inserita in un contesto collaborativo di altre attivit\u00e0 ricettive e ristorative con l&#8217;intento comune di far conoscere al meglio il territorio del Monte Pisano e le vicine Ville storiche del lungomonte.<\/p>\n","color":"","icon":"","noDetails":false,"noInteraction":false,"imageGallery":[{"src":"https:\/\/www.montepisano.travel\/wp-content\/uploads\/2018\/01\/filetto_al_gorgonzola-768x576.jpg"},{"src":"https:\/\/www.montepisano.travel\/wp-content\/uploads\/2018\/01\/polpo_alla_greca.jpg"},{"src":"https:\/\/www.montepisano.travel\/wp-content\/uploads\/2018\/01\/pennette_all_astice-768x432.jpg"},{"src":"https:\/\/www.montepisano.travel\/wp-content\/uploads\/2018\/01\/pizza_al_mattone.jpg"},{"src":"https:\/\/www.montepisano.travel\/wp-content\/uploads\/2018\/01\/clienti_interno_al_locale-768x576.jpg"},{"src":"https:\/\/www.montepisano.travel\/wp-content\/uploads\/2018\/01\/foto_battesimo-768x431.jpg"}],"image":"https:\/\/www.montepisano.travel\/wp-content\/uploads\/2018\/01\/filetto_al_gorgonzola-768x576.jpg","addr:street":"","addr:housenumber":"","addr:postcode":"","addr:city":"","contact:phone":"","contact:email":"","opening_hours":"","capacity":"","related":{"poi":{"neighbors":["7864","7850","7873","7899","6716","7988","6691","7847","6961","6821"]}}},"geometry":{"type":"Point","coordinates":[10.422907,43.78818]}}