{"type":"Feature","properties":{"id":6800,"name":"La Rondine","description":"<h4>Il piacere di sentirsi a casa, l&#8217;ideale per soggiorni di lavoro o vacanze con la famiglia. Punto di partenza per escursioni a piedi o in bicicletta.<\/h4>\n<p><strong>La Rondine B&amp;B<\/strong> &#8211; casa vacanze \u00e8 situata a Pugnano in una zona tranquilla nell&#8217;aperta campagna pisana a soli 10 minuti da Lucca e Pisa. La struttura \u00e8 di nuova costruzione con un ampio giardino con barbecue a carbone e parcheggio privato, tre confortevoli camere con servizi privati, TV color e aria condizionata.<\/p>\n<div class=\"contatti-retisti\">\n<p><img class=\"retista-f\" src=\"http:\/\/www.montepisano.travel\/wp-content\/uploads\/2018\/01\/thumb_0.jpg\" alt=\"\" \/><\/p>\n<div class=\"det-retisti\">\n<h4>La Rondine<\/h4>\n<p>Via Statale Abetone, 246\/B &#8211; Pugnano (PI)<br \/>\n+39 339 8585561<br \/>\n<a href=\"mailto:info@larondinepisa.it\">info@larondinepisa.it<\/a><br \/>\n<a href=\"http:\/\/www.larondinepisa.it\" target=\"_blank\" rel=\"noopener\">www.larondinepisa.it<\/a><\/p>\n<\/div>\n<\/div>\n<p>La Rondine B&amp;B \u00e8 ideale per soggiorni di lavoro o familiari, per chi cerca il relax o per chi vuole raggiungere <strong>le vicine terme di Bagni di Pisa<\/strong>, che si trovano a soli 7 km dalla nostra struttura.<\/p>\n<p>Gli ospiti che soggiornano da noi diventano parte della famiglia; spesso i loro bambini giocano insieme alle mie figlie e anche se di diversa cultura e lingua riescono a capirsi perfettamente.<\/p>\n<p>La mia esperienza di vacanza familiare con le mie figlie, sempre alla ricerca di attivit\u00e0 ludiche, mi ha dato spunto per arredare la struttura con un ampio angolo giochi per bambini e giochi di societ\u00e0 per i ragazzi.<\/p>\n<p><iframe width=\"1060\" height=\"596\" src=\"https:\/\/www.youtube.com\/embed\/LemVQnCUua8?feature=oembed\" frameborder=\"0\" allow=\"autoplay; encrypted-media\" allowfullscreen><\/iframe><\/p>\n<p>Mettiamo a disposizione dei nostri ospiti delle <strong>biciclette per poter arrivare a Lucca tramite la nuova pista ciclabile \u201cPuccini\u201d<\/strong> che costeggia il Fiume Serchio.<\/p>\n<p>Diversi percorsi CAI partono a poche centinaia di metri dalla nostra struttura, cos\u00ec per i nostri ospiti \u00e8 facile trovare ispirazione per un&#8217;escursione giornaliera alla volta di Rocca di Ripafratta o della Torre del Centino.<\/p>\n<p>C\u2019\u00e8 sempre una punta di malinconia quando gli ospiti hanno finito la loro vacanza e se ne tornano a casa, ed \u00e8 anche per questo che nel Guestbook c\u2019\u00e8 spesso scritto che sono stati molto bene e soprattutto a loro agio <strong>come se fossero stati a casa di amici<\/strong>. Infatti, la nostra mission \u00e8 quella di farvi sentire sempre graditi ospiti prima che clienti.<\/p>\n","color":"","icon":"","noDetails":false,"noInteraction":false,"imageGallery":[{"src":"https:\/\/www.montepisano.travel\/wp-content\/uploads\/2018\/01\/immagine09-768x576.jpeg"},{"src":"https:\/\/www.montepisano.travel\/wp-content\/uploads\/2018\/01\/immagine08_opt-768x597.jpg"},{"src":"https:\/\/www.montepisano.travel\/wp-content\/uploads\/2018\/01\/immagine07_opt-768x622.jpg"},{"src":"https:\/\/www.montepisano.travel\/wp-content\/uploads\/2018\/01\/immagine06_7-768x537.jpg"},{"src":"https:\/\/www.montepisano.travel\/wp-content\/uploads\/2018\/01\/immagine05_5-768x518.jpg"},{"src":"https:\/\/www.montepisano.travel\/wp-content\/uploads\/2018\/01\/immagine04_7-768x518.jpg"},{"src":"https:\/\/www.montepisano.travel\/wp-content\/uploads\/2018\/01\/immagine03_8-768x521.jpg"},{"src":"https:\/\/www.montepisano.travel\/wp-content\/uploads\/2018\/01\/immagine02_10-768x521.jpg"}],"image":"https:\/\/www.montepisano.travel\/wp-content\/uploads\/2018\/01\/immagine09-768x576.jpeg","addr:street":"","addr:housenumber":"","addr:postcode":"","addr:city":"","contact:phone":"","contact:email":"","opening_hours":"","capacity":"","related":{"poi":{"neighbors":["7874","6872","7918","7875","7852","7848","7992","7865","7939","7854"]}}},"geometry":{"type":"Point","coordinates":[10.415912,43.808136]}}