{"type":"Feature","properties":{"id":6821,"name":"La Grotta","description":"<h4>In una collina ricca di olivi, vigne e bosco, un&#8217;azienda in armonia con l&#8217;ambiente.<\/h4>\n<div class=\"field field--name-body field--type-text-with-summary field--label-hidden\">\n<p>Quando ci siamo trasferiti su questa collina la pressoch\u00e9 totalit\u00e0 del territorio aziendale era in stato di abbandono o di degrado boschivo; l&#8217;idea di aprire un agriturismo \u00e8 nata principalmente per poter finanziare I costi di mantenimento dell&#8217;oliveta e per la normale gestione della struttura; l&#8217;ottima risposta degli ospiti ci ha spinto a migliorare l&#8217;offerta turistica applicando per\u00f2 tecnologie che ci consentissero di utilizzare le risorse proprie per la gestione energetica.<\/p>\n<div class=\"contatti-retisti\">\n<p><img class=\"retista-f\" src=\"http:\/\/www.montepisano.travel\/wp-content\/uploads\/2018\/01\/thumb1_2.jpg\" alt=\"\" \/><\/p>\n<div class=\"det-retisti\">\n<h4>La Grotta<\/h4>\n<p>Via loc. Monticelli, 1<br \/>\nRigoli (PI)<br \/>\n+39 050 818622<br \/>\n<a href=\"mailto:info@agriturismo-lagrotta.com\">info@agriturismo-lagrotta.com<\/a><br \/>\n<a href=\"http:\/\/www.agriturismo-lagrotta.com\/\" target=\"_blank\" rel=\"noopener\">www.agriturismo-lagrotta.com<\/a><\/p>\n<\/div>\n<\/div>\n<p>\u00c8 nata cos\u00ec l&#8217;idea di utilizzare un gassificatore a legna di ultima generazione per il riscaldamento e la produzione di acqua calda utilizzando la legna del bosco; l&#8217;idea di <strong>raccogliere l&#8217;acqua piovana<\/strong> per irrigare gli orti e l&#8217;idea di utilizzare <strong>impianti fotovoltaici<\/strong> con sistemi di accumulo di ultima generazione per garantire la produzione di energia elettrica.<\/p>\n\n\t\t<style type='text\/css'>\n\t\t\t#gallery-7 {\n\t\t\t\tmargin: auto;\n\t\t\t}\n\t\t\t#gallery-7 .gallery-item {\n\t\t\t\tfloat: left;\n\t\t\t\tmargin-top: 10px;\n\t\t\t\ttext-align: center;\n\t\t\t\twidth: 33%;\n\t\t\t}\n\t\t\t#gallery-7 img {\n\t\t\t\tborder: 2px solid #cfcfcf;\n\t\t\t}\n\t\t\t#gallery-7 .gallery-caption {\n\t\t\t\tmargin-left: 0;\n\t\t\t}\n\t\t\t\/* see gallery_shortcode() in wp-includes\/media.php *\/\n\t\t<\/style>\n\t\t<div id='gallery-7' class='gallery galleryid-6821 gallery-columns-3 gallery-size-thumbnail'><dl class='gallery-item'>\n\t\t\t<dt class='gallery-icon landscape'>\n\t\t\t\t<a href='https:\/\/www.montepisano.travel\/la-grotta-montapisano\/'><img width=\"150\" height=\"150\" src=\"https:\/\/www.montepisano.travel\/wp-content\/uploads\/2018\/01\/la-grotta-montapisano-150x150.jpg\" class=\"attachment-thumbnail size-thumbnail\" alt=\"\" srcset=\"https:\/\/www.montepisano.travel\/wp-content\/uploads\/2018\/01\/la-grotta-montapisano-150x150.jpg 150w, https:\/\/www.montepisano.travel\/wp-content\/uploads\/2018\/01\/la-grotta-montapisano-300x300.jpg 300w, https:\/\/www.montepisano.travel\/wp-content\/uploads\/2018\/01\/la-grotta-montapisano-100x100.jpg 100w\" sizes=\"(max-width: 150px) 100vw, 150px\" \/><\/a>\n\t\t\t<\/dt><\/dl><dl class='gallery-item'>\n\t\t\t<dt class='gallery-icon landscape'>\n\t\t\t\t<a href='https:\/\/www.montepisano.travel\/la-grotta-montapisano2\/'><img width=\"150\" height=\"150\" src=\"https:\/\/www.montepisano.travel\/wp-content\/uploads\/2018\/01\/la-grotta-montapisano2-150x150.jpg\" class=\"attachment-thumbnail size-thumbnail\" alt=\"\" srcset=\"https:\/\/www.montepisano.travel\/wp-content\/uploads\/2018\/01\/la-grotta-montapisano2-150x150.jpg 150w, https:\/\/www.montepisano.travel\/wp-content\/uploads\/2018\/01\/la-grotta-montapisano2-300x300.jpg 300w, https:\/\/www.montepisano.travel\/wp-content\/uploads\/2018\/01\/la-grotta-montapisano2-100x100.jpg 100w\" sizes=\"(max-width: 150px) 100vw, 150px\" \/><\/a>\n\t\t\t<\/dt><\/dl><dl class='gallery-item'>\n\t\t\t<dt class='gallery-icon landscape'>\n\t\t\t\t<a href='https:\/\/www.montepisano.travel\/la-grotta-montapisano3\/'><img width=\"150\" height=\"150\" src=\"https:\/\/www.montepisano.travel\/wp-content\/uploads\/2018\/01\/la-grotta-montapisano3-150x150.jpg\" class=\"attachment-thumbnail size-thumbnail\" alt=\"\" srcset=\"https:\/\/www.montepisano.travel\/wp-content\/uploads\/2018\/01\/la-grotta-montapisano3-150x150.jpg 150w, https:\/\/www.montepisano.travel\/wp-content\/uploads\/2018\/01\/la-grotta-montapisano3-300x300.jpg 300w, https:\/\/www.montepisano.travel\/wp-content\/uploads\/2018\/01\/la-grotta-montapisano3-100x100.jpg 100w\" sizes=\"(max-width: 150px) 100vw, 150px\" \/><\/a>\n\t\t\t<\/dt><\/dl><br style=\"clear: both\" \/><dl class='gallery-item'>\n\t\t\t<dt class='gallery-icon landscape'>\n\t\t\t\t<a href='https:\/\/www.montepisano.travel\/la-grotta-montapisano1\/'><img width=\"150\" height=\"150\" src=\"https:\/\/www.montepisano.travel\/wp-content\/uploads\/2018\/01\/la-grotta-montapisano1-150x150.jpg\" class=\"attachment-thumbnail size-thumbnail\" alt=\"\" srcset=\"https:\/\/www.montepisano.travel\/wp-content\/uploads\/2018\/01\/la-grotta-montapisano1-150x150.jpg 150w, https:\/\/www.montepisano.travel\/wp-content\/uploads\/2018\/01\/la-grotta-montapisano1-300x300.jpg 300w, https:\/\/www.montepisano.travel\/wp-content\/uploads\/2018\/01\/la-grotta-montapisano1-100x100.jpg 100w\" sizes=\"(max-width: 150px) 100vw, 150px\" \/><\/a>\n\t\t\t<\/dt><\/dl>\n\t\t\t<br style='clear: both' \/>\n\t\t<\/div>\n\n<p>Contemporaneamente la produzione agricola \u00e8 stata convertita al <strong>metodo biologic<\/strong>o garantendo un miglioramento generale dello stato di salute del territorio.<\/p>\n<p>Complessivamente fino a questo momento sono stati recuperati circa sei ettari di oliveta abbandonata e il prossimo passo sar\u00e0 quello di sottrarre il bosco al degrado boschivo per creare percorsi naturalistici.<\/p>\n<\/div>\n","color":"","icon":"","noDetails":false,"noInteraction":false,"addr:street":"","addr:housenumber":"","addr:postcode":"","addr:city":"","contact:phone":"","contact:email":"","opening_hours":"","capacity":"","related":{"poi":{"neighbors":["7847","6691","6842","7914","7873","7864","6785","7850","7916","7899"]}}},"geometry":{"type":"Point","coordinates":[10.432763,43.779896]}}