{"type":"Feature","properties":{"id":6842,"name":"La Busina","description":"<h4>Dalla teoria dei comportamenti degli uomini, alla pratica della societ\u00e0 delle api; un esempio virtuoso per illustrare ai giovani come la terra continui a offrire opportunit\u00e0.<\/h4>\n<p>Dopo una laurea in Scienze Politiche conseguita all&#8217;Universit\u00e0 di Pisa, sono entrato nel mondo delle nuove tecnologie, rendendomi conto subito che bit e cluster non erano esattamente quel che potevano soddisfarmi.<\/p>\n<div class=\"contatti-retisti\">\n<p><img class=\"retista-f\" src=\"http:\/\/www.montepisano.travel\/wp-content\/uploads\/2018\/01\/thumb_9.jpg\" alt=\"\" \/><\/p>\n<div class=\"det-retisti\">\n<h4>La Busina<\/h4>\n<p>+39 349 6669434<br \/>\n<a href=\"mailto:apilabusina@yahoo.it\">apilabusina@yahoo.it<\/a>\n<\/div>\n<\/div>\n<p>Guardo il mare da lontano ma con la passione per la terra e non avendone in propriet\u00e0, mi accosto al mondo delle api, un mestiere che si accontenta di terreni agricoli residuali.<\/p>\n<p>Nel frattempo ho continuato a lavorare con la terra facendo mille mestieri, ma le api sono rimaste il campo col quale ho deciso di misurarmi. Partito con due arnie, nel giro di pochi anni, ho aumentato la famiglia che oggi consta di <strong>ben trecento alveari<\/strong>.<\/p>\n\n\t\t<style type='text\/css'>\n\t\t\t#gallery-6 {\n\t\t\t\tmargin: auto;\n\t\t\t}\n\t\t\t#gallery-6 .gallery-item {\n\t\t\t\tfloat: left;\n\t\t\t\tmargin-top: 10px;\n\t\t\t\ttext-align: center;\n\t\t\t\twidth: 33%;\n\t\t\t}\n\t\t\t#gallery-6 img {\n\t\t\t\tborder: 2px solid #cfcfcf;\n\t\t\t}\n\t\t\t#gallery-6 .gallery-caption {\n\t\t\t\tmargin-left: 0;\n\t\t\t}\n\t\t\t\/* see gallery_shortcode() in wp-includes\/media.php *\/\n\t\t<\/style>\n\t\t<div id='gallery-6' class='gallery galleryid-6842 gallery-columns-3 gallery-size-thumbnail'><dl class='gallery-item'>\n\t\t\t<dt class='gallery-icon landscape'>\n\t\t\t\t<a href='https:\/\/www.montepisano.travel\/la_busina6_580x-2\/'><img width=\"150\" height=\"150\" src=\"https:\/\/www.montepisano.travel\/wp-content\/uploads\/2018\/01\/la_busina6_580x-1-150x150.jpg\" class=\"attachment-thumbnail size-thumbnail\" alt=\"\" srcset=\"https:\/\/www.montepisano.travel\/wp-content\/uploads\/2018\/01\/la_busina6_580x-1-150x150.jpg 150w, https:\/\/www.montepisano.travel\/wp-content\/uploads\/2018\/01\/la_busina6_580x-1-300x300.jpg 300w, https:\/\/www.montepisano.travel\/wp-content\/uploads\/2018\/01\/la_busina6_580x-1-100x100.jpg 100w\" sizes=\"(max-width: 150px) 100vw, 150px\" \/><\/a>\n\t\t\t<\/dt><\/dl><dl class='gallery-item'>\n\t\t\t<dt class='gallery-icon landscape'>\n\t\t\t\t<a href='https:\/\/www.montepisano.travel\/la_busina5_580x\/'><img width=\"150\" height=\"150\" src=\"https:\/\/www.montepisano.travel\/wp-content\/uploads\/2018\/01\/la_busina5_580x-150x150.jpg\" class=\"attachment-thumbnail size-thumbnail\" alt=\"\" srcset=\"https:\/\/www.montepisano.travel\/wp-content\/uploads\/2018\/01\/la_busina5_580x-150x150.jpg 150w, https:\/\/www.montepisano.travel\/wp-content\/uploads\/2018\/01\/la_busina5_580x-300x300.jpg 300w, https:\/\/www.montepisano.travel\/wp-content\/uploads\/2018\/01\/la_busina5_580x-100x100.jpg 100w\" sizes=\"(max-width: 150px) 100vw, 150px\" \/><\/a>\n\t\t\t<\/dt><\/dl><dl class='gallery-item'>\n\t\t\t<dt class='gallery-icon landscape'>\n\t\t\t\t<a href='https:\/\/www.montepisano.travel\/la_busina\/'><img width=\"150\" height=\"150\" src=\"https:\/\/www.montepisano.travel\/wp-content\/uploads\/2018\/01\/la_busina-150x150.jpg\" class=\"attachment-thumbnail size-thumbnail\" alt=\"\" srcset=\"https:\/\/www.montepisano.travel\/wp-content\/uploads\/2018\/01\/la_busina-150x150.jpg 150w, https:\/\/www.montepisano.travel\/wp-content\/uploads\/2018\/01\/la_busina-300x300.jpg 300w, https:\/\/www.montepisano.travel\/wp-content\/uploads\/2018\/01\/la_busina-100x100.jpg 100w\" sizes=\"(max-width: 150px) 100vw, 150px\" \/><\/a>\n\t\t\t<\/dt><\/dl><br style=\"clear: both\" \/>\n\t\t<\/div>\n\n<p>Fin dall&#8217;inizio ho puntato a fare miele d&#8217;eccellenza posizionando gli alveari in Lunigiana dove le brezze marine risalgono fino ai quasi duemila metri dell&#8217;Appennino Tosco-Emiliano, con una presenza di acacie e castagni, con pochi insediamenti industriali e una antropizzazione pressoch\u00e8 nulla, focalizzando la produzione su due tipologie: <strong>il miele d&#8217;acacia dal colore dorato e il miele di castagno, dal colore bruno inconfondibile<\/strong>.<\/p>\n<p>Oggi, passati tre lustri, ho spostato gli alveari sul Monte Pisano e con un laboratorio perfettamente attrezzato sono in grado di svolgere tutte le lavorazioni in casa.<\/p>\n","color":"","icon":"","noDetails":false,"noInteraction":false,"imageGallery":[{"src":"https:\/\/www.montepisano.travel\/wp-content\/uploads\/2018\/01\/la_busina3-768x422.jpg"},{"src":"https:\/\/www.montepisano.travel\/wp-content\/uploads\/2018\/01\/la_busina2.jpg"},{"src":"https:\/\/www.montepisano.travel\/wp-content\/uploads\/2018\/01\/la_busina1-768x1024.jpg"}],"image":"https:\/\/www.montepisano.travel\/wp-content\/uploads\/2018\/01\/la_busina3-768x422.jpg","addr:street":"","addr:housenumber":"","addr:postcode":"","addr:city":"","contact:phone":"","contact:email":"","opening_hours":"","capacity":"","related":{"poi":{"neighbors":["6821","7847","6691","7945","7924","7914","7879","7873","6985","6785"]}}},"geometry":{"type":"Point","coordinates":[10.4404,43.7788]}}