{"type":"Feature","properties":{"id":6851,"name":"Il Rio di Vorno","description":"<h4>Un ambiente familiare per vacanze a contatto con la natura, un territorio incorniciato da una rigogliosa vegetazione, il ristorante con i piatti della tradizione locale e prodotti a Km 0.<\/h4>\n<p>A due passi dalla citt\u00e0 di Lucca\u00a0e ad una ventina di chilometri da Pisa, l&#8217;ostello si trova in una zona di grande valore archeologico ed architettonico, in un luogo con una vista spettacolare; Il Rio Di Vorno \u00e8 una struttura a dimensione familiare.<\/p>\n<p>L&#8217;ostello svolge anche la funzione di bar e punto di agreggazione degli abitanti del piccolo paese di Vorno, i nostri ospiti avranno quindi l&#8217;opportunit\u00e0 di interagire con persone del luogo e durante l&#8217;arco della giornata qualcuno dei locali volentieri\u00a0vorr\u00e0 illustrare le bellezze e le particolarit\u00e0 della zona. Tutto questo crea in maniera spontanea la possibilit\u00e0 di <strong>uno scambio di idee e di fare quattro chiacchiere che conferisce al nostro locale una connotazione di autenticit\u00e0 propria<\/strong>; \u00e8 anche questo\u00a0il bello\u00a0del Rio di Vorno!<\/p>\n<div class=\"contatti-retisti\">\n<p><img class=\"retista-f\" src=\"http:\/\/www.montepisano.travel\/wp-content\/uploads\/2018\/01\/riodivorno_1_400x.jpg\" alt=\"\" \/><\/p>\n<div class=\"det-retisti\">\n<h4>Il Rio di Vorno<\/h4>\n<p>Via del Folle Mansi, 1<br \/>\nVorno &#8211; Capannori (LU)<br \/>\n+39 0583 971081<br \/>\n<a href=\"mailto:info@ilriodivorno.it\">info@ilriodivorno.it<\/a><br \/>\n<a href=\"http:\/\/www.ilriodivorno.it\/\" target=\"_blank\" rel=\"noopener\">www.ilriodivorno.it<\/a><\/p>\n<\/div>\n<\/div>\n<p><strong>Al ristorante proponiamo piatti della tradizione lucchese<\/strong>, ogni tanto spaziamo oltre i confini regionali con invitanti specialit\u00e0, sempre e rigorosamente cucinate con materie prime locali, rispettando la stagionalit\u00e0 dei prodotti che la natura ci regala.<\/p>\n<p>Gli ospiti dell&#8217;ostello potranno andare alla scoperta del territorio, ricco di sentieri ben segnati, l&#8217;ideale per chi vuole trascorrere le vacanze in mezzo al verde, lontano dal solito circuito turistico, godendo la tranquillit\u00e0 di un paesino un po&#8217; fuori dal tempo, anche se a poca distanza dalla citt\u00e0 di Lucca.<\/p>\n<p>Il viaggiatore potr\u00e0 sperimentare i saperi e i sapori del posto grazie a vari itinerari enogastronomici organizzati durante l&#8217;arco del periodo estivo e primaverile, perdersi tra eventi culturali e mostre, fare lunghe passeggiate e visitare gli <strong>innumerevoli giardini delle splendide ville di Lucca e Capannori<\/strong>.<br \/>\nLe citt\u00e0 di Firenze, Pisa, Pistoia e Siena sono facilmente raggiungibili da chi preferisce vacanze alla scoperta delle bellezze artistico-culturali del territorio.<\/p>\n\n\t\t<style type='text\/css'>\n\t\t\t#gallery-5 {\n\t\t\t\tmargin: auto;\n\t\t\t}\n\t\t\t#gallery-5 .gallery-item {\n\t\t\t\tfloat: left;\n\t\t\t\tmargin-top: 10px;\n\t\t\t\ttext-align: center;\n\t\t\t\twidth: 33%;\n\t\t\t}\n\t\t\t#gallery-5 img {\n\t\t\t\tborder: 2px solid #cfcfcf;\n\t\t\t}\n\t\t\t#gallery-5 .gallery-caption {\n\t\t\t\tmargin-left: 0;\n\t\t\t}\n\t\t\t\/* see gallery_shortcode() in wp-includes\/media.php *\/\n\t\t<\/style>\n\t\t<div id='gallery-5' class='gallery galleryid-6851 gallery-columns-3 gallery-size-thumbnail'><dl class='gallery-item'>\n\t\t\t<dt class='gallery-icon landscape'>\n\t\t\t\t<a href='https:\/\/www.montepisano.travel\/il-rio-di-vorno-montepisano1\/'><img width=\"150\" height=\"150\" src=\"https:\/\/www.montepisano.travel\/wp-content\/uploads\/2018\/01\/il-rio-di-vorno-montepisano1-150x150.jpg\" class=\"attachment-thumbnail size-thumbnail\" alt=\"\" aria-describedby=\"gallery-5-7339\" srcset=\"https:\/\/www.montepisano.travel\/wp-content\/uploads\/2018\/01\/il-rio-di-vorno-montepisano1-150x150.jpg 150w, https:\/\/www.montepisano.travel\/wp-content\/uploads\/2018\/01\/il-rio-di-vorno-montepisano1-300x300.jpg 300w, https:\/\/www.montepisano.travel\/wp-content\/uploads\/2018\/01\/il-rio-di-vorno-montepisano1-100x100.jpg 100w\" sizes=\"(max-width: 150px) 100vw, 150px\" \/><\/a>\n\t\t\t<\/dt>\n\t\t\t\t<dd class='wp-caption-text gallery-caption' id='gallery-5-7339'>\n\t\t\t\tUn panorama a perdita d&#8217;occhio\n\t\t\t\t<\/dd><\/dl><dl class='gallery-item'>\n\t\t\t<dt class='gallery-icon landscape'>\n\t\t\t\t<a href='https:\/\/www.montepisano.travel\/il-rio-di-vorno-montepisano2\/'><img width=\"150\" height=\"150\" src=\"https:\/\/www.montepisano.travel\/wp-content\/uploads\/2018\/01\/il-rio-di-vorno-montepisano2-150x150.jpg\" class=\"attachment-thumbnail size-thumbnail\" alt=\"\" aria-describedby=\"gallery-5-7341\" srcset=\"https:\/\/www.montepisano.travel\/wp-content\/uploads\/2018\/01\/il-rio-di-vorno-montepisano2-150x150.jpg 150w, https:\/\/www.montepisano.travel\/wp-content\/uploads\/2018\/01\/il-rio-di-vorno-montepisano2-300x300.jpg 300w, https:\/\/www.montepisano.travel\/wp-content\/uploads\/2018\/01\/il-rio-di-vorno-montepisano2-100x100.jpg 100w\" sizes=\"(max-width: 150px) 100vw, 150px\" \/><\/a>\n\t\t\t<\/dt>\n\t\t\t\t<dd class='wp-caption-text gallery-caption' id='gallery-5-7341'>\n\t\t\t\tUna parte del nostro giardino \u00e8 dedicata ai pi\u00f9 piccoli\n\t\t\t\t<\/dd><\/dl><dl class='gallery-item'>\n\t\t\t<dt class='gallery-icon landscape'>\n\t\t\t\t<a href='https:\/\/www.montepisano.travel\/il-rio-di-vorno-montepisano3\/'><img width=\"150\" height=\"150\" src=\"https:\/\/www.montepisano.travel\/wp-content\/uploads\/2018\/01\/il-rio-di-vorno-montepisano3-150x150.jpg\" class=\"attachment-thumbnail size-thumbnail\" alt=\"\" aria-describedby=\"gallery-5-7343\" srcset=\"https:\/\/www.montepisano.travel\/wp-content\/uploads\/2018\/01\/il-rio-di-vorno-montepisano3-150x150.jpg 150w, https:\/\/www.montepisano.travel\/wp-content\/uploads\/2018\/01\/il-rio-di-vorno-montepisano3-300x300.jpg 300w, https:\/\/www.montepisano.travel\/wp-content\/uploads\/2018\/01\/il-rio-di-vorno-montepisano3-100x100.jpg 100w\" sizes=\"(max-width: 150px) 100vw, 150px\" \/><\/a>\n\t\t\t<\/dt>\n\t\t\t\t<dd class='wp-caption-text gallery-caption' id='gallery-5-7343'>\n\t\t\t\tLa terrazza dove \u200bpotrete gustare le nostre specialit\u00e0\n\t\t\t\t<\/dd><\/dl><br style=\"clear: both\" \/><dl class='gallery-item'>\n\t\t\t<dt class='gallery-icon landscape'>\n\t\t\t\t<a href='https:\/\/www.montepisano.travel\/il-rio-di-vorno-montepisano\/'><img width=\"150\" height=\"150\" src=\"https:\/\/www.montepisano.travel\/wp-content\/uploads\/2018\/01\/il-rio-di-vorno-montepisano-150x150.jpg\" class=\"attachment-thumbnail size-thumbnail\" alt=\"\" aria-describedby=\"gallery-5-7345\" srcset=\"https:\/\/www.montepisano.travel\/wp-content\/uploads\/2018\/01\/il-rio-di-vorno-montepisano-150x150.jpg 150w, https:\/\/www.montepisano.travel\/wp-content\/uploads\/2018\/01\/il-rio-di-vorno-montepisano-300x300.jpg 300w, https:\/\/www.montepisano.travel\/wp-content\/uploads\/2018\/01\/il-rio-di-vorno-montepisano-100x100.jpg 100w\" sizes=\"(max-width: 150px) 100vw, 150px\" \/><\/a>\n\t\t\t<\/dt>\n\t\t\t\t<dd class='wp-caption-text gallery-caption' id='gallery-5-7345'>\n\t\t\t\tAbbondanti colazioni con prodotti genuini e sfiziosi\n\t\t\t\t<\/dd><\/dl>\n\t\t\t<br style='clear: both' \/>\n\t\t<\/div>\n\n<p>Il Rio di Vorno \u00e8 la residenza perfetta per<strong>\u00a0le famiglie<\/strong>\u00a0che vogliono ritrovare nei luoghi di soggiorno le comodit\u00e0 della propria casa, per\u00a0<strong>chi viaggia per lavoro<\/strong>, per chi vuole curarsi e rigenerarsi grazie ai vicini centri termali, per gli\u00a0<strong>amanti della natura<\/strong>\u00a0e della\u00a0<strong>tranquillit\u00e0<\/strong>\u00a0lontano dalla citt\u00e0.<\/p>\n<p>Gli ospiti dispongono di camere con bagno privato esterno ad uso esclusivo, wifi gratuita, un ambiente riscaldato, rientro libero, posto auto, un grazioso giardino con giochi per bambini, una luminosa terrazza per godersi il fresco d&#8217;estate a cena.<\/p>\n<p><strong>Al mattino vi delizieremo con sfiziose colazioni<\/strong> a base di dolci fatti in casa, succhi di frutta, pane fresco e marmellate bio, caff\u00e9, cappuccino e t\u00e9 dal nostro bar.<br \/>\nPotrete portare in viaggio con voi anche i vostri amici a \u201cquattro zampe\u201d.<\/p>\n<p>La nostra struttura \u00e8 dotata di accesso per disabili.<\/p>\n<p>I gestori saranno in grado di fornirvi le informazioni di cui avrete bisogno anche in inglese e\u00a0francese.<\/p>\n","color":"","icon":"","noDetails":false,"noInteraction":false,"imageGallery":[{"src":"https:\/\/www.montepisano.travel\/wp-content\/uploads\/2018\/01\/009-dscn3076_sala-768x576.jpg"},{"src":"https:\/\/www.montepisano.travel\/wp-content\/uploads\/2018\/01\/011-entrata_principale.jpg"},{"src":"https:\/\/www.montepisano.travel\/wp-content\/uploads\/2018\/01\/012-img_0173-768x496.jpg"},{"src":"https:\/\/www.montepisano.travel\/wp-content\/uploads\/2018\/01\/013-camera-768x368.jpg"},{"src":"https:\/\/www.montepisano.travel\/wp-content\/uploads\/2018\/01\/mimosa2.jpg"},{"src":"https:\/\/www.montepisano.travel\/wp-content\/uploads\/2018\/01\/0005-giochi-768x1024.jpg"},{"src":"https:\/\/www.montepisano.travel\/wp-content\/uploads\/2018\/01\/008-accoglienza_risto-768x595.jpg"},{"src":"https:\/\/www.montepisano.travel\/wp-content\/uploads\/2018\/01\/pino2.jpg"},{"src":"https:\/\/www.montepisano.travel\/wp-content\/uploads\/2018\/01\/pino1.jpg"}],"image":"https:\/\/www.montepisano.travel\/wp-content\/uploads\/2018\/01\/009-dscn3076_sala-768x576.jpg","addr:street":"","addr:housenumber":"","addr:postcode":"","addr:city":"","contact:phone":"","contact:email":"","opening_hours":"","capacity":"","related":{"poi":{"neighbors":["7883","7933","7942","7989","7932","7903","8000","8002","7910","8003"]}}},"geometry":{"type":"Point","coordinates":[10.511659,43.788448]}}