{"type":"Feature","properties":{"id":6872,"name":"Il Leopoldino","description":"<h4>Una piccola fattoria: ambiente e accoglienza familiare in un casale in pietra con una splendida vista.<\/h4>\n<p>Siamo Giulio e Arianna e assieme gestiamo il Leopoldino, un&#8217;azienda agricola agrituristica immersa in 5 ettari di oliveto. Nel nostro antico casale potrete degustare i prodotti della nostra terra cucinati in maniera casalinga e tradizionale. Potrete rilassarvi, cullati dal fruscio del vento tra gli olivi, dai belati delle nostre caprette e dai ragli dei nostri 4 asinelli.<\/p>\n<div class=\"contatti-retisti\">\n<p><img class=\"retista-f\" src=\"http:\/\/www.montepisano.travel\/wp-content\/uploads\/2018\/01\/thumb_1.jpg\" alt=\"\" \/><\/p>\n<div class=\"det-retisti\">\n<h4>Il Leopoldino<\/h4>\n<p>Loc. Il Corvo &#8211; Pugnano (PI)<br \/>\n+39 328 6971055 | +39 328 0996777<br \/>\n<a href=\"mailto:illeopoldino@hotmail.it\">illeopoldino@hotmail.it<\/a><br \/>\n<a href=\"http:\/\/www.illeopoldino.it\" target=\"_blank\" rel=\"noopener\">www.illeopoldino.it<\/a><\/p>\n<\/div>\n<\/div>\n<p>La nostra attivit\u00e0 agricola si concentra sulla produzione di olio extravergine d&#8217;oliva (EVO) a cui si affianca anche un orto familiare, alcune arnie per la produzione di miele e un piccolo allevamento di polli e conigli. Queste attivit\u00e0, assieme a quello che la terra spontaneamente ci offre, ci permettono di vivere secondo ritmi naturali, seguendo il lento flusso delle stagioni.<\/p>\n<p><strong>Sul Monte Pisano, e specialmente al Leopoldino,<\/strong> la vita \u00e8 schietta e spontanea ispirata alle cose semplici, come fare il pane. Un rito umano che condividiamo con i nostri ospiti che possono seguire dei corsi per imparare l&#8217;antica alchimia di fare il pane.<\/p>\n<p>La vicinanza al mare e alla montagna rendono il Leopoldino un luogo unico, che permette ai viaggiatori di scegliere, ogni giorno, paesaggi, luoghi e destinazioni diverse.<\/p>\n<p>Potrete fare il bagno e trascorrere tranquille giornate sul mare. Potrete fare escursioni immersi nella natura, partendo direttamente dalla nostra azienda anche con i nostri asinelli.<\/p>\n<p>Potrete vivere, assieme ai vostri bambini, l&#8217;e<strong>sperienza autentica della vita in campagna a diretto contatto con natura e con gli animali del nostro casale<\/strong>. Potrete cenare e rilassarvi sulla nostra terrazza e godere della magnifica vista della piana pisana fino a Livorno.<\/p>\n\n\t\t<style type='text\/css'>\n\t\t\t#gallery-4 {\n\t\t\t\tmargin: auto;\n\t\t\t}\n\t\t\t#gallery-4 .gallery-item {\n\t\t\t\tfloat: left;\n\t\t\t\tmargin-top: 10px;\n\t\t\t\ttext-align: center;\n\t\t\t\twidth: 33%;\n\t\t\t}\n\t\t\t#gallery-4 img {\n\t\t\t\tborder: 2px solid #cfcfcf;\n\t\t\t}\n\t\t\t#gallery-4 .gallery-caption {\n\t\t\t\tmargin-left: 0;\n\t\t\t}\n\t\t\t\/* see gallery_shortcode() in wp-includes\/media.php *\/\n\t\t<\/style>\n\t\t<div id='gallery-4' class='gallery galleryid-6872 gallery-columns-3 gallery-size-thumbnail'><dl class='gallery-item'>\n\t\t\t<dt class='gallery-icon landscape'>\n\t\t\t\t<a href='https:\/\/www.montepisano.travel\/il-leopoldino-montepisano\/'><img width=\"150\" height=\"150\" src=\"https:\/\/www.montepisano.travel\/wp-content\/uploads\/2018\/01\/il-leopoldino-montepisano-150x150.jpg\" class=\"attachment-thumbnail size-thumbnail\" alt=\"\" aria-describedby=\"gallery-4-7273\" srcset=\"https:\/\/www.montepisano.travel\/wp-content\/uploads\/2018\/01\/il-leopoldino-montepisano-150x150.jpg 150w, https:\/\/www.montepisano.travel\/wp-content\/uploads\/2018\/01\/il-leopoldino-montepisano-300x300.jpg 300w, https:\/\/www.montepisano.travel\/wp-content\/uploads\/2018\/01\/il-leopoldino-montepisano-100x100.jpg 100w\" sizes=\"(max-width: 150px) 100vw, 150px\" \/><\/a>\n\t\t\t<\/dt>\n\t\t\t\t<dd class='wp-caption-text gallery-caption' id='gallery-4-7273'>\n\t\t\t\tIl pane del leopoldino\n\t\t\t\t<\/dd><\/dl><dl class='gallery-item'>\n\t\t\t<dt class='gallery-icon landscape'>\n\t\t\t\t<a href='https:\/\/www.montepisano.travel\/il-leopoldino-montepisano1\/'><img width=\"150\" height=\"150\" src=\"https:\/\/www.montepisano.travel\/wp-content\/uploads\/2018\/01\/il-leopoldino-montepisano1-150x150.jpg\" class=\"attachment-thumbnail size-thumbnail\" alt=\"\" aria-describedby=\"gallery-4-7275\" srcset=\"https:\/\/www.montepisano.travel\/wp-content\/uploads\/2018\/01\/il-leopoldino-montepisano1-150x150.jpg 150w, https:\/\/www.montepisano.travel\/wp-content\/uploads\/2018\/01\/il-leopoldino-montepisano1-300x300.jpg 300w, https:\/\/www.montepisano.travel\/wp-content\/uploads\/2018\/01\/il-leopoldino-montepisano1-100x100.jpg 100w\" sizes=\"(max-width: 150px) 100vw, 150px\" \/><\/a>\n\t\t\t<\/dt>\n\t\t\t\t<dd class='wp-caption-text gallery-caption' id='gallery-4-7275'>\n\t\t\t\tGiulio e Lucio\n\t\t\t\t<\/dd><\/dl><dl class='gallery-item'>\n\t\t\t<dt class='gallery-icon landscape'>\n\t\t\t\t<a href='https:\/\/www.montepisano.travel\/il-leopoldino-montepisano2\/'><img width=\"150\" height=\"150\" src=\"https:\/\/www.montepisano.travel\/wp-content\/uploads\/2018\/01\/il-leopoldino-montepisano2-150x150.jpg\" class=\"attachment-thumbnail size-thumbnail\" alt=\"\" aria-describedby=\"gallery-4-7277\" srcset=\"https:\/\/www.montepisano.travel\/wp-content\/uploads\/2018\/01\/il-leopoldino-montepisano2-150x150.jpg 150w, https:\/\/www.montepisano.travel\/wp-content\/uploads\/2018\/01\/il-leopoldino-montepisano2-300x300.jpg 300w, https:\/\/www.montepisano.travel\/wp-content\/uploads\/2018\/01\/il-leopoldino-montepisano2-100x100.jpg 100w\" sizes=\"(max-width: 150px) 100vw, 150px\" \/><\/a>\n\t\t\t<\/dt>\n\t\t\t\t<dd class='wp-caption-text gallery-caption' id='gallery-4-7277'>\n\t\t\t\til Panorama dal Leopoldino\n\t\t\t\t<\/dd><\/dl><br style=\"clear: both\" \/><dl class='gallery-item'>\n\t\t\t<dt class='gallery-icon landscape'>\n\t\t\t\t<a href='https:\/\/www.montepisano.travel\/il-leopoldino-montepisano3\/'><img width=\"150\" height=\"150\" src=\"https:\/\/www.montepisano.travel\/wp-content\/uploads\/2018\/01\/il-leopoldino-montepisano3-150x150.jpg\" class=\"attachment-thumbnail size-thumbnail\" alt=\"\" srcset=\"https:\/\/www.montepisano.travel\/wp-content\/uploads\/2018\/01\/il-leopoldino-montepisano3-150x150.jpg 150w, https:\/\/www.montepisano.travel\/wp-content\/uploads\/2018\/01\/il-leopoldino-montepisano3-300x300.jpg 300w, https:\/\/www.montepisano.travel\/wp-content\/uploads\/2018\/01\/il-leopoldino-montepisano3-100x100.jpg 100w\" sizes=\"(max-width: 150px) 100vw, 150px\" \/><\/a>\n\t\t\t<\/dt><\/dl>\n\t\t\t<br style='clear: both' \/>\n\t\t<\/div>\n\n<p>Qui sul Monte Pisano noi non ci siamo nati ma lo abbiamo scelto, come si fa con un amore. Innamorati di questi luoghi, dalla natura rigogliosa e mutevole, abbiamo deciso di trasferci qui per <strong>vivere circondati dalle montagne che separano Pisa e Lucca<\/strong>.<\/p>\n<p>Da forestieri abbiamo trovato nuovi amici, perch\u00e8 l&#8217;accoglienza e l&#8217;ospitalit\u00e0 sono intrinseci nel Monte Pisano. Abbiamo trovato persone che condividono con noi gli stessi ideali di una vita semplice e schietta scandita dai ritmi naturali. Sono questi gli amici a cui ci appoggiamo per svolgere con cura il nostro lavoro. Come Cesare, della Macelleria Giusti per la carne e gli insaccati, o Benito, del Mulino di Rigoli per la farina del nostro pane.<\/p>\n<p>Per le attivit\u00e0 ci affidiamo al sapere di altri amici e retisti, profondi conoscitori del territorio. Per le passeggiate e il trekking c&#8217;\u00e8 Michele, guida ambientale di VadoeVedo. Per il relax e le cure termali, le Terme di San Giuliano. Per cene speciali curate in ogni dettaglio, la Locanda Sant&#8217;Agata. Per portare a casa un po&#8217; di Monte Pisano, Mi garba Bio negozio biologico in cui acquistare i prodotti del territorio.<\/p>\n<p><strong>Condivisione, familiarit\u00e0 e sincera disponibilit\u00e0 sono i nostri tratti distintivi.<\/strong><br \/>\nBenvenuti al Leopoldino! Benvenuti sul Monte Pisano!<\/p>\n","color":"","icon":"","noDetails":false,"noInteraction":false,"imageGallery":[{"src":"https:\/\/www.montepisano.travel\/wp-content\/uploads\/2018\/01\/immagine008_0-768x576.jpg"},{"src":"https:\/\/www.montepisano.travel\/wp-content\/uploads\/2018\/01\/immagine011_2-768x1024.jpg"},{"src":"https:\/\/www.montepisano.travel\/wp-content\/uploads\/2018\/01\/immagine010_1-768x576.jpg"},{"src":"https:\/\/www.montepisano.travel\/wp-content\/uploads\/2018\/01\/immagine009_3-768x514.jpg"},{"src":"https:\/\/www.montepisano.travel\/wp-content\/uploads\/2018\/01\/immagine012_1-768x1024.jpg"},{"src":"https:\/\/www.montepisano.travel\/wp-content\/uploads\/2018\/01\/immagine013_2-768x1147.jpg"},{"src":"https:\/\/www.montepisano.travel\/wp-content\/uploads\/2018\/01\/immagine007_2-768x1024.jpg"},{"src":"https:\/\/www.montepisano.travel\/wp-content\/uploads\/2018\/01\/immagine005_0-768x514.jpg"}],"image":"https:\/\/www.montepisano.travel\/wp-content\/uploads\/2018\/01\/immagine008_0-768x576.jpg","addr:street":"","addr:housenumber":"","addr:postcode":"","addr:city":"","contact:phone":"","contact:email":"","opening_hours":"","capacity":"","related":{"poi":{"neighbors":["7874","6800","7918","7875","7848","7852","7865","7869","7939","7992"]}}},"geometry":{"type":"Point","coordinates":[10.420885,43.810797]}}