{"type":"Feature","properties":{"id":6910,"name":"Eden Park Resort","description":"<h4>Di fronte al Monte Pisano, un grazioso resort, una vecchia fornace carica di storia, nel verde e nel silenzio.<\/h4>\n<p>Perch\u00e9 scegliere l\u2019Eden Park Pisa per la propria vacanza \u00e8 semplice. Nel nostro residence i clienti ritrovano un pezzo della loro casa. Con curiosit\u00e0 guardiamo gli angoli di famiglia\u201d che vengono creati nei nostri appartamenti. Ed \u00e8 quasi come se la prospettiva delle cose cambiasse all\u2019improvviso cos\u00ec che siamo noi a sentirci ospiti dei nostri clienti. Era questo il nostro obiettivo, far sentire le persone come a casa loro e con un pizzico di presunzione dico che lo abbiamo raggiunto.<\/p>\n<div class=\"contatti-retisti\">\n<p><img class=\"retista-f\" src=\"http:\/\/www.montepisano.travel\/wp-content\/uploads\/2018\/01\/thumb1_1.jpg\" alt=\"\" \/><\/p>\n<div class=\"det-retisti\">\n<h4>Eden Park Resort<\/h4>\n<p>Via dell\u2019Argine, 6<br \/>\nColignola &#8211; San Giuliano Terme (PI)<br \/>\n+39 050 870252<br \/>\n<a href=\"mailto:davide@edenparkpisa.it\">davide@edenparkpisa.it<\/a><br \/>\n<a href=\"http:\/\/www.edenparkpisa.it\" target=\"_blank\" rel=\"noopener\">www.edenparkpisa.it<\/a><\/p>\n<\/div>\n<\/div>\n<p>Ci sono, chiaramente, altri valori aggiunti importanti. <strong>L\u2019essere immersi nella pace della campagna<\/strong>, il senso di protezione del Monte Pisano e lo scorrere delle acque dell\u2019Arno, che rende l\u2019aria pi\u00f9 fresca anche nei mesi pi\u00f9 caldi. Per finire, la posizione, che rende facili gli spostamenti verso i punti di interesse turistico pi\u00f9 noti della Toscana.<\/p>\n<p>La mia professione, sino a qualche anno fa, era quella di fare l\u2019Ingegnere. Poi la mia famiglia, agli inizi del nuovo secolo, decise di costruire un residence, e per me la scelta fu quasi obbligata. Ho vissuto con partecipazione e fatica il lungo periodo della realizzazione e con orgoglio abbiamo inaugurato l\u2019Eden Park Pisa nell\u2019agosto del 2009.<\/p>\n\n\t\t<style type='text\/css'>\n\t\t\t#gallery-4 {\n\t\t\t\tmargin: auto;\n\t\t\t}\n\t\t\t#gallery-4 .gallery-item {\n\t\t\t\tfloat: left;\n\t\t\t\tmargin-top: 10px;\n\t\t\t\ttext-align: center;\n\t\t\t\twidth: 33%;\n\t\t\t}\n\t\t\t#gallery-4 img {\n\t\t\t\tborder: 2px solid #cfcfcf;\n\t\t\t}\n\t\t\t#gallery-4 .gallery-caption {\n\t\t\t\tmargin-left: 0;\n\t\t\t}\n\t\t\t\/* see gallery_shortcode() in wp-includes\/media.php *\/\n\t\t<\/style>\n\t\t<div id='gallery-4' class='gallery galleryid-6910 gallery-columns-3 gallery-size-thumbnail'><dl class='gallery-item'>\n\t\t\t<dt class='gallery-icon landscape'>\n\t\t\t\t<a href='https:\/\/www.montepisano.travel\/foto003_0\/'><img width=\"150\" height=\"150\" src=\"https:\/\/www.montepisano.travel\/wp-content\/uploads\/2018\/01\/foto003_0-150x150.jpeg\" class=\"attachment-thumbnail size-thumbnail\" alt=\"\" aria-describedby=\"gallery-4-7202\" srcset=\"https:\/\/www.montepisano.travel\/wp-content\/uploads\/2018\/01\/foto003_0-150x150.jpeg 150w, https:\/\/www.montepisano.travel\/wp-content\/uploads\/2018\/01\/foto003_0-300x300.jpeg 300w, https:\/\/www.montepisano.travel\/wp-content\/uploads\/2018\/01\/foto003_0-100x100.jpeg 100w\" sizes=\"(max-width: 150px) 100vw, 150px\" \/><\/a>\n\t\t\t<\/dt>\n\t\t\t\t<dd class='wp-caption-text gallery-caption' id='gallery-4-7202'>\n\t\t\t\tIl Monte Pisano\n\t\t\t\t<\/dd><\/dl><dl class='gallery-item'>\n\t\t\t<dt class='gallery-icon landscape'>\n\t\t\t\t<a href='https:\/\/www.montepisano.travel\/foto001_opt\/'><img width=\"150\" height=\"150\" src=\"https:\/\/www.montepisano.travel\/wp-content\/uploads\/2018\/01\/foto001_opt-150x150.jpeg\" class=\"attachment-thumbnail size-thumbnail\" alt=\"\" aria-describedby=\"gallery-4-7204\" srcset=\"https:\/\/www.montepisano.travel\/wp-content\/uploads\/2018\/01\/foto001_opt-150x150.jpeg 150w, https:\/\/www.montepisano.travel\/wp-content\/uploads\/2018\/01\/foto001_opt-300x300.jpeg 300w, https:\/\/www.montepisano.travel\/wp-content\/uploads\/2018\/01\/foto001_opt-100x100.jpeg 100w\" sizes=\"(max-width: 150px) 100vw, 150px\" \/><\/a>\n\t\t\t<\/dt>\n\t\t\t\t<dd class='wp-caption-text gallery-caption' id='gallery-4-7204'>\n\t\t\t\tL\u2019albero del fresco riposo\n\t\t\t\t<\/dd><\/dl><dl class='gallery-item'>\n\t\t\t<dt class='gallery-icon landscape'>\n\t\t\t\t<a href='https:\/\/www.montepisano.travel\/foto002_0\/'><img width=\"150\" height=\"150\" src=\"https:\/\/www.montepisano.travel\/wp-content\/uploads\/2018\/01\/foto002_0-150x150.jpeg\" class=\"attachment-thumbnail size-thumbnail\" alt=\"\" aria-describedby=\"gallery-4-7206\" srcset=\"https:\/\/www.montepisano.travel\/wp-content\/uploads\/2018\/01\/foto002_0-150x150.jpeg 150w, https:\/\/www.montepisano.travel\/wp-content\/uploads\/2018\/01\/foto002_0-300x300.jpeg 300w, https:\/\/www.montepisano.travel\/wp-content\/uploads\/2018\/01\/foto002_0-100x100.jpeg 100w\" sizes=\"(max-width: 150px) 100vw, 150px\" \/><\/a>\n\t\t\t<\/dt>\n\t\t\t\t<dd class='wp-caption-text gallery-caption' id='gallery-4-7206'>\n\t\t\t\tLa piscina riflessa\n\t\t\t\t<\/dd><\/dl><br style=\"clear: both\" \/><dl class='gallery-item'>\n\t\t\t<dt class='gallery-icon landscape'>\n\t\t\t\t<a href='https:\/\/www.montepisano.travel\/foto004_1-2\/'><img width=\"150\" height=\"150\" src=\"https:\/\/www.montepisano.travel\/wp-content\/uploads\/2018\/01\/foto004_1-1-150x150.jpeg\" class=\"attachment-thumbnail size-thumbnail\" alt=\"\" aria-describedby=\"gallery-4-7208\" srcset=\"https:\/\/www.montepisano.travel\/wp-content\/uploads\/2018\/01\/foto004_1-1-150x150.jpeg 150w, https:\/\/www.montepisano.travel\/wp-content\/uploads\/2018\/01\/foto004_1-1-300x300.jpeg 300w, https:\/\/www.montepisano.travel\/wp-content\/uploads\/2018\/01\/foto004_1-1-100x100.jpeg 100w\" sizes=\"(max-width: 150px) 100vw, 150px\" \/><\/a>\n\t\t\t<\/dt>\n\t\t\t\t<dd class='wp-caption-text gallery-caption' id='gallery-4-7208'>\n\t\t\t\tIl Residence visto dal fondo\n\t\t\t\t<\/dd><\/dl>\n\t\t\t<br style='clear: both' \/>\n\t\t<\/div>\n\n<p><strong>Dall\u2019inaugurazione ad oggi la struttura si arricchita di una piscina<\/strong> da utilizzare durante tutto l\u2019anno con l\u2019ausilio di una tensostruttura all\u2019avanguardia e che rappresenta un fiore all\u2019occhiello per tutto il territorio di San Giuliano Terme. Di pari passo alla struttura \u00e8 cresciuta anche la consapevolezza, mia e della mia famiglia, delle risorse inestimabili che il nostro territorio e la Toscana tutta possono e devono offrire a tutti coloro che decidono di trascorre qui le loro vacanza, puntando sulla qualit\u00e0 dei servizi e sulle capacit\u00e0 di persone che hanno il mio identico obiettivo.<\/p>\n<p>La nascita delle Rete Montepisano Territorio Ospitale ne \u00e8 la prova pi\u00f9 tangibile.<\/p>\n","color":"","icon":"","noDetails":false,"noInteraction":false,"imageGallery":[{"src":"https:\/\/www.montepisano.travel\/wp-content\/uploads\/2018\/01\/foto010-768x511.jpeg"},{"src":"https:\/\/www.montepisano.travel\/wp-content\/uploads\/2018\/01\/foto009-768x512.jpeg"},{"src":"https:\/\/www.montepisano.travel\/wp-content\/uploads\/2018\/01\/foto008-768x512.jpeg"},{"src":"https:\/\/www.montepisano.travel\/wp-content\/uploads\/2018\/01\/p1050289-768x692.jpg"},{"src":"https:\/\/www.montepisano.travel\/wp-content\/uploads\/2018\/01\/foto006-768x576.jpeg"}],"image":"https:\/\/www.montepisano.travel\/wp-content\/uploads\/2018\/01\/foto010-768x511.jpeg","addr:street":"","addr:housenumber":"","addr:postcode":"","addr:city":"","contact:phone":"","contact:email":"","opening_hours":"","capacity":"","related":{"poi":{"neighbors":["106","71","7871","32","7966","7855","7935","7972","470","94"]}}},"geometry":{"type":"Point","coordinates":[10.460282,43.724461]}}