{"type":"Feature","properties":{"id":6925,"name":"City Grand Tour","description":"<h4>Visite guidate: passeggiate nel tempo, itinerari personalizzati o teatralizzati alla scoperta del territorio.<\/h4>\n<p><strong>City Grand Tour<\/strong> \u00e8 un gruppo di accompagnatori e guide turistiche professionali che opera nella citt\u00e0 di Pisa e nel territorio che la circonda.<\/p>\n<p>Cerchiamo la poesia della quotidianit\u00e0, dei particolari e del passato fra i vicoli e le piazze dove, nel racconto degli abitanti e nello sguardo curioso dei viaggiatori, si concentra il vissuto di un paese.<\/p>\n<p>Oltre a fornire i tradizionali servizi di accompagnamento e guida turistica, proponiamo itinerari alla scoperta dei centri minori, dei loro prodotti tipici e mestieri tradizionali, unendo storia, leggende e momenti di intrattenimento a tema.<\/p>\n<div class=\"contatti-retisti\">\n<p><img class=\"retista-f\" src=\"http:\/\/www.montepisano.travel\/wp-content\/uploads\/2018\/01\/thumb_3.jpg\" alt=\"\" \/><\/p>\n<div class=\"det-retisti\">\n<h4>City Grand Tour<\/h4>\n<p>Via San Giovanni Bosco, 46<br \/>\nPisa (PI)<br \/>\n+39 050 3820678<br \/>\n<a href=\"mailto:citygrandtour@gmail.com\">citygrandtour@gmail.com<\/a><br \/>\n<a href=\"http:\/\/www.citygrandtour.it\" target=\"_blank\" rel=\"noopener\">www.citygrandtour.it<\/a><\/p>\n<\/div>\n<\/div>\n<p>La visita guidata non \u00e8 solo un momento di incontro e conoscenza, ma \u00e8 per noi una condivisione di emozioni, di profumi e di esperienze vissute. Da questa necessit\u00e0 di condividere sono nati itinerari sempre pi\u00f9 particolari, in un certo senso unici, come gli Itinerari teatralizzati o il GiroGioco.<\/p>\n<p>Un <strong>Itinerario teatralizzato<\/strong> \u00e8 un viaggio alla scoperta del territorio attraverso le voci dei personaggi che lo hanno vissuto, una visita guidata accompagnata dall\u2019intervento in prima persona di guide\/attori che rendono il percorso interattivo. Biblioteche o semplici bar di paese diventano luoghi speciali dove il racconto si fa realt\u00e0. Qui prendono vita personaggi noti e meno noti, tra mito e realt\u00e0: Mario della Luna, calcesano matto del villaggio; le lavandaie di Asciano; Livia Gereschi, eroe di guerra; Galileo Galilei, Mary Shelley, Pietro Leopoldo dei Lorena.<\/p>\n<p>Il <strong>GiroGioco<\/strong>, \u00e8 un itinerario ludico, una sfida per grandi e bambini. Un percorso che diventa un gioco fatto di scelte da compiere e misteri da scoprire: sorprese, giochi e incontri con personaggi del passato in un intreccio continuo tra arte, storia e scienza.<\/p>\n<p>La guida alterna la normale visita guidata alle risposte dei partecipanti che dovranno acuire lo sguardo, cercare i dettagli, osservare attentamente.<\/p>\n\n\t\t<style type='text\/css'>\n\t\t\t#gallery-3 {\n\t\t\t\tmargin: auto;\n\t\t\t}\n\t\t\t#gallery-3 .gallery-item {\n\t\t\t\tfloat: left;\n\t\t\t\tmargin-top: 10px;\n\t\t\t\ttext-align: center;\n\t\t\t\twidth: 33%;\n\t\t\t}\n\t\t\t#gallery-3 img {\n\t\t\t\tborder: 2px solid #cfcfcf;\n\t\t\t}\n\t\t\t#gallery-3 .gallery-caption {\n\t\t\t\tmargin-left: 0;\n\t\t\t}\n\t\t\t\/* see gallery_shortcode() in wp-includes\/media.php *\/\n\t\t<\/style>\n\t\t<div id='gallery-3' class='gallery galleryid-6925 gallery-columns-3 gallery-size-thumbnail'><dl class='gallery-item'>\n\t\t\t<dt class='gallery-icon landscape'>\n\t\t\t\t<a href='https:\/\/www.montepisano.travel\/city-grand-tour-montepisano2\/'><img width=\"150\" height=\"150\" src=\"https:\/\/www.montepisano.travel\/wp-content\/uploads\/2018\/01\/city-grand-tour-montepisano2-150x150.jpg\" class=\"attachment-thumbnail size-thumbnail\" alt=\"\" aria-describedby=\"gallery-3-7221\" srcset=\"https:\/\/www.montepisano.travel\/wp-content\/uploads\/2018\/01\/city-grand-tour-montepisano2-150x150.jpg 150w, https:\/\/www.montepisano.travel\/wp-content\/uploads\/2018\/01\/city-grand-tour-montepisano2-300x300.jpg 300w, https:\/\/www.montepisano.travel\/wp-content\/uploads\/2018\/01\/city-grand-tour-montepisano2-100x100.jpg 100w\" sizes=\"(max-width: 150px) 100vw, 150px\" \/><\/a>\n\t\t\t<\/dt>\n\t\t\t\t<dd class='wp-caption-text gallery-caption' id='gallery-3-7221'>\n\t\t\t\tVilla Corliano, a Rigoli\n\t\t\t\t<\/dd><\/dl><dl class='gallery-item'>\n\t\t\t<dt class='gallery-icon landscape'>\n\t\t\t\t<a href='https:\/\/www.montepisano.travel\/city-grand-tour-montepisano1\/'><img width=\"150\" height=\"150\" src=\"https:\/\/www.montepisano.travel\/wp-content\/uploads\/2018\/01\/city-grand-tour-montepisano1-150x150.jpg\" class=\"attachment-thumbnail size-thumbnail\" alt=\"\" aria-describedby=\"gallery-3-7223\" srcset=\"https:\/\/www.montepisano.travel\/wp-content\/uploads\/2018\/01\/city-grand-tour-montepisano1-150x150.jpg 150w, https:\/\/www.montepisano.travel\/wp-content\/uploads\/2018\/01\/city-grand-tour-montepisano1-300x300.jpg 300w, https:\/\/www.montepisano.travel\/wp-content\/uploads\/2018\/01\/city-grand-tour-montepisano1-100x100.jpg 100w\" sizes=\"(max-width: 150px) 100vw, 150px\" \/><\/a>\n\t\t\t<\/dt>\n\t\t\t\t<dd class='wp-caption-text gallery-caption' id='gallery-3-7223'>\n\t\t\t\tGiro Gioco la certosa di Calci una passeggiata in cui si gioca come si faceva leggendo un \u2018librogame\u2019:\n\t\t\t\t<\/dd><\/dl><dl class='gallery-item'>\n\t\t\t<dt class='gallery-icon landscape'>\n\t\t\t\t<a href='https:\/\/www.montepisano.travel\/city-grand-tour-montepisano\/'><img width=\"150\" height=\"150\" src=\"https:\/\/www.montepisano.travel\/wp-content\/uploads\/2018\/01\/city-grand-tour-montepisano-150x150.jpg\" class=\"attachment-thumbnail size-thumbnail\" alt=\"\" aria-describedby=\"gallery-3-7225\" srcset=\"https:\/\/www.montepisano.travel\/wp-content\/uploads\/2018\/01\/city-grand-tour-montepisano-150x150.jpg 150w, https:\/\/www.montepisano.travel\/wp-content\/uploads\/2018\/01\/city-grand-tour-montepisano-300x300.jpg 300w, https:\/\/www.montepisano.travel\/wp-content\/uploads\/2018\/01\/city-grand-tour-montepisano-100x100.jpg 100w\" sizes=\"(max-width: 150px) 100vw, 150px\" \/><\/a>\n\t\t\t<\/dt>\n\t\t\t\t<dd class='wp-caption-text gallery-caption' id='gallery-3-7225'>\n\t\t\t\tMolina di Quosa: Itinerario lungo la via dei mulini tra storie e leggende\n\t\t\t\t<\/dd><\/dl><br style=\"clear: both\" \/><dl class='gallery-item'>\n\t\t\t<dt class='gallery-icon landscape'>\n\t\t\t\t<a href='https:\/\/www.montepisano.travel\/city-grand-tour-montepisano3\/'><img width=\"150\" height=\"150\" src=\"https:\/\/www.montepisano.travel\/wp-content\/uploads\/2018\/01\/city-grand-tour-montepisano3-150x150.jpg\" class=\"attachment-thumbnail size-thumbnail\" alt=\"\" aria-describedby=\"gallery-3-7227\" srcset=\"https:\/\/www.montepisano.travel\/wp-content\/uploads\/2018\/01\/city-grand-tour-montepisano3-150x150.jpg 150w, https:\/\/www.montepisano.travel\/wp-content\/uploads\/2018\/01\/city-grand-tour-montepisano3-300x300.jpg 300w, https:\/\/www.montepisano.travel\/wp-content\/uploads\/2018\/01\/city-grand-tour-montepisano3-100x100.jpg 100w\" sizes=\"(max-width: 150px) 100vw, 150px\" \/><\/a>\n\t\t\t<\/dt>\n\t\t\t\t<dd class='wp-caption-text gallery-caption' id='gallery-3-7227'>\n\t\t\t\tVilla Annamaria, Molina di Quosa\n\t\t\t\t<\/dd><\/dl>\n\t\t\t<br style='clear: both' \/>\n\t\t<\/div>\n\n<p>Oltre agli itinerari teatralizzati accompagniamo i viaggiatori in percorsi turistici pi\u00f9 tradizionali <strong>alla scoperta dei luoghi pi\u00f9 noti e delle perle pi\u00f9 segrete del Monte Pisano<\/strong>. Un territorio ricco di risorse naturali come l\u2019acqua di Asciano che dall\u2019inizio del XVII secolo ha portato l\u2019acqua alla citt\u00e0 di Pisa attraverso l\u2019acquedotto mediceo che ancora oggi si snoda lungo la campagna tra il monte e la citt\u00e0, creando scorci incantati.<\/p>\n<p>Il legno dei suoi boschi serv\u00ec nel medioevo per la costruzione delle imbarcazioni della Repubblica Marinara, le sue rocce hanno dato vita alle fortificazioni, alle case torri e ai celebri monumenti della Piazza dei Miracoli: Cattedrale, Campo Santo, Battistero e il celebre Campanile pendente.<\/p>\n<p>Altre risorse che ancora oggi danno splendore al territorio sono le acque termali usate fin dall\u2019epoca romana, gli ulivi coltivati lungo La Strada del\u2019Olio dei Monti Pisani. E ancora, le pievi millenarie, le ville sontuose e monasteri, come la Certosa di Pisa a Calci, uno dei pi\u00f9 grandi e meglio conservati complessi monastici d&#8217;Europa.<\/p>\n<h4>Il territorio del Monte Pisano \u00e8 per noi un costante viaggio a ritroso nel tempo<\/h4>\n<p>Riviviamo ogni volta le grandi battaglie che presero luogo a Buti o a Vicopisano, dalla cui rocca, imponente fortilizio ad opera del maestro Brunelleschi, si domina la Val d&#8217;Arno. Vellutiamo il nostro palato con sapori antichi, perch\u00e9 il Monte Pisano \u00e8 molto pi\u00f9 che una visita guidata, \u00e8 la ricerca di radici e tradizioni.<\/p>\n","color":"","icon":"","noDetails":false,"noInteraction":false,"imageGallery":[{"src":"https:\/\/www.montepisano.travel\/wp-content\/uploads\/2018\/01\/immagine13_3-768x576.jpg"},{"src":"https:\/\/www.montepisano.travel\/wp-content\/uploads\/2018\/01\/immagine12_2-768x306.jpg"},{"src":"https:\/\/www.montepisano.travel\/wp-content\/uploads\/2018\/01\/immagine11_2-768x1157.jpg"},{"src":"https:\/\/www.montepisano.travel\/wp-content\/uploads\/2018\/01\/immagine10_6.jpg"},{"src":"https:\/\/www.montepisano.travel\/wp-content\/uploads\/2018\/01\/immagine09_4.jpg"},{"src":"https:\/\/www.montepisano.travel\/wp-content\/uploads\/2018\/01\/immagine08_4-768x782.jpg"},{"src":"https:\/\/www.montepisano.travel\/wp-content\/uploads\/2018\/01\/1._logo_cgt.jpg"},{"src":"https:\/\/www.montepisano.travel\/wp-content\/uploads\/2018\/01\/immagine06_1-768x576.jpg"},{"src":"https:\/\/www.montepisano.travel\/wp-content\/uploads\/2018\/01\/immagine02_2.jpg"}],"image":"https:\/\/www.montepisano.travel\/wp-content\/uploads\/2018\/01\/immagine13_3-768x576.jpg","addr:street":"","addr:housenumber":"","addr:postcode":"","addr:city":"","contact:phone":"","contact:email":"","opening_hours":"","capacity":"","related":{"poi":{"neighbors":["6985","566","6695","567","7879","7985","7866","7949","7945","105"]}}},"geometry":{"type":"Point","coordinates":[10.440982,43.762703]}}