{"type":"Feature","properties":{"id":6946,"name":"Cima alla Serra","description":"<h4>Un posto dove la natura, la tranquillit\u00e0 e il relax vi abbracceranno tra i profumi degli olivi e i silenzi dei boschi.<\/h4>\n<p>Nel cuore del Monte Pisano, immerso nel verde e circondato da una suggestiva vista panoramica, l\u2019Agriturismo Cima alla Serra vi d\u00e0 il benvenuto.<\/p>\n<p>L\u2019agriturismo Cima alla Serra \u00e8 parte integrante dell\u2019azienda agricola a conduzione familiare in cui vengono coltivati principalmente cereali ed olio extravergine di oliva.<\/p>\n<div class=\"contatti-retisti\">\n<p><img class=\"retista-f\" src=\"http:\/\/www.montepisano.travel\/wp-content\/uploads\/2018\/01\/thumb_5.jpg\" alt=\"\" \/><\/p>\n<div class=\"det-retisti\">\n<h4>Cima alla Serra<\/h4>\n<p>Via Cima alla Serra &#8211; Buti (PI)<br \/>\n+ 39 0587 \u00ad365154<br \/>\n<a href=\"mailto:info@agriturismocimaallaserra.it\">info@agriturismocimaallaserra.it<\/a><br \/>\n<a href=\"http:\/\/www.agriturismocimaallaserra.it\" target=\"_blank\" rel=\"noopener\">www.agriturismocimaallaserra.it<\/a><\/p>\n<\/div>\n<\/div>\n<p><strong>Ristrutturato recentemente e riportato all\u2019antico splendore \u00e8 il posto ideale per una vacanza in totale tranquillit\u00e0.<\/strong><\/p>\n<p>Gli eleganti appartamenti, che vi ospiteranno, arredati in stile toscano con travi a vista, pavimenti in cotto e stufe dalla foggia antica, portano il nome delle varie tipologie di olive delle coltivazioni toscane.<\/p>\n<p>Da ogni appartamento potrete godere di un incantevole panorama che spazia dalla Valdera fino al mare.<\/p>\n<p>All\u2019esterno l\u2019ampio e fiorito giardino, la grande piscina con idromassaggio e la meravigliosa terrazza panoramica vi garantiranno un completo relax in ogni momento della vostra giornata.<\/p>\n\n\t\t<style type='text\/css'>\n\t\t\t#gallery-2 {\n\t\t\t\tmargin: auto;\n\t\t\t}\n\t\t\t#gallery-2 .gallery-item {\n\t\t\t\tfloat: left;\n\t\t\t\tmargin-top: 10px;\n\t\t\t\ttext-align: center;\n\t\t\t\twidth: 33%;\n\t\t\t}\n\t\t\t#gallery-2 img {\n\t\t\t\tborder: 2px solid #cfcfcf;\n\t\t\t}\n\t\t\t#gallery-2 .gallery-caption {\n\t\t\t\tmargin-left: 0;\n\t\t\t}\n\t\t\t\/* see gallery_shortcode() in wp-includes\/media.php *\/\n\t\t<\/style>\n\t\t<div id='gallery-2' class='gallery galleryid-6946 gallery-columns-3 gallery-size-thumbnail'><dl class='gallery-item'>\n\t\t\t<dt class='gallery-icon landscape'>\n\t\t\t\t<a href='https:\/\/www.montepisano.travel\/cima-alla-sera-montepisano1\/'><img width=\"150\" height=\"150\" src=\"https:\/\/www.montepisano.travel\/wp-content\/uploads\/2018\/01\/cima-alla-sera-montepisano1-150x150.jpg\" class=\"attachment-thumbnail size-thumbnail\" alt=\"\" aria-describedby=\"gallery-2-7186\" srcset=\"https:\/\/www.montepisano.travel\/wp-content\/uploads\/2018\/01\/cima-alla-sera-montepisano1-150x150.jpg 150w, https:\/\/www.montepisano.travel\/wp-content\/uploads\/2018\/01\/cima-alla-sera-montepisano1-300x300.jpg 300w, https:\/\/www.montepisano.travel\/wp-content\/uploads\/2018\/01\/cima-alla-sera-montepisano1-100x100.jpg 100w\" sizes=\"(max-width: 150px) 100vw, 150px\" \/><\/a>\n\t\t\t<\/dt>\n\t\t\t\t<dd class='wp-caption-text gallery-caption' id='gallery-2-7186'>\n\t\t\t\tVista panoramica dagli appartamenti\n\t\t\t\t<\/dd><\/dl><dl class='gallery-item'>\n\t\t\t<dt class='gallery-icon landscape'>\n\t\t\t\t<a href='https:\/\/www.montepisano.travel\/cima-alla-sera-montepisano\/'><img width=\"150\" height=\"150\" src=\"https:\/\/www.montepisano.travel\/wp-content\/uploads\/2018\/01\/cima-alla-sera-montepisano-150x150.jpg\" class=\"attachment-thumbnail size-thumbnail\" alt=\"\" aria-describedby=\"gallery-2-7188\" srcset=\"https:\/\/www.montepisano.travel\/wp-content\/uploads\/2018\/01\/cima-alla-sera-montepisano-150x150.jpg 150w, https:\/\/www.montepisano.travel\/wp-content\/uploads\/2018\/01\/cima-alla-sera-montepisano-300x300.jpg 300w, https:\/\/www.montepisano.travel\/wp-content\/uploads\/2018\/01\/cima-alla-sera-montepisano-100x100.jpg 100w\" sizes=\"(max-width: 150px) 100vw, 150px\" \/><\/a>\n\t\t\t<\/dt>\n\t\t\t\t<dd class='wp-caption-text gallery-caption' id='gallery-2-7188'>\n\t\t\t\tIl &#8221; vecchio&#8221; casolare\n\t\t\t\t<\/dd><\/dl><dl class='gallery-item'>\n\t\t\t<dt class='gallery-icon landscape'>\n\t\t\t\t<a href='https:\/\/www.montepisano.travel\/cima-alla-sera-montepisano2\/'><img width=\"150\" height=\"150\" src=\"https:\/\/www.montepisano.travel\/wp-content\/uploads\/2018\/01\/cima-alla-sera-montepisano2-150x150.jpg\" class=\"attachment-thumbnail size-thumbnail\" alt=\"\" aria-describedby=\"gallery-2-7190\" srcset=\"https:\/\/www.montepisano.travel\/wp-content\/uploads\/2018\/01\/cima-alla-sera-montepisano2-150x150.jpg 150w, https:\/\/www.montepisano.travel\/wp-content\/uploads\/2018\/01\/cima-alla-sera-montepisano2-300x300.jpg 300w, https:\/\/www.montepisano.travel\/wp-content\/uploads\/2018\/01\/cima-alla-sera-montepisano2-100x100.jpg 100w\" sizes=\"(max-width: 150px) 100vw, 150px\" \/><\/a>\n\t\t\t<\/dt>\n\t\t\t\t<dd class='wp-caption-text gallery-caption' id='gallery-2-7190'>\n\t\t\t\tEsterno sala colazione\/ degustazione\n\t\t\t\t<\/dd><\/dl><br style=\"clear: both\" \/><dl class='gallery-item'>\n\t\t\t<dt class='gallery-icon landscape'>\n\t\t\t\t<a href='https:\/\/www.montepisano.travel\/cima-alla-sera-montepisano3\/'><img width=\"150\" height=\"150\" src=\"https:\/\/www.montepisano.travel\/wp-content\/uploads\/2018\/01\/cima-alla-sera-montepisano3-150x150.jpg\" class=\"attachment-thumbnail size-thumbnail\" alt=\"\" aria-describedby=\"gallery-2-7192\" srcset=\"https:\/\/www.montepisano.travel\/wp-content\/uploads\/2018\/01\/cima-alla-sera-montepisano3-150x150.jpg 150w, https:\/\/www.montepisano.travel\/wp-content\/uploads\/2018\/01\/cima-alla-sera-montepisano3-300x300.jpg 300w, https:\/\/www.montepisano.travel\/wp-content\/uploads\/2018\/01\/cima-alla-sera-montepisano3-100x100.jpg 100w\" sizes=\"(max-width: 150px) 100vw, 150px\" \/><\/a>\n\t\t\t<\/dt>\n\t\t\t\t<dd class='wp-caption-text gallery-caption' id='gallery-2-7192'>\n\t\t\t\tLa grande piscina di notte\n\t\t\t\t<\/dd><\/dl>\n\t\t\t<br style='clear: both' \/>\n\t\t<\/div>\n\n<p>E quando il curioso desiderio di conoscenza vi spinger\u00e0 a muovervi, potrete partire alla scoperta di suggestivi percorsi naturalistici, visitare le fortezze di Buti come Castel Tonino, Castel di Nocco e Castel Sant\u2019Agata o chiese di notevole patrimonio storico come Pieve di S.Giovanni Battista, Chiesa dell\u2019Ascensione e Chiesa di San Francesco e partecipare alle numerose sagre che vi permetteranno di degustare i piatti tipici locali.<\/p>\n<p>Poterete inoltre gustare ed acquistare il nostro <strong>olio<\/strong> oltre a <strong>salumi, formaggi e vino locale<\/strong>.<\/p>\n<p>Vi immergerete in un\u2019esperienza da poter conservare nel libro dei vostri ricordi.<\/p>\n<p>L\u2019agriturismo Cima alla Serra vi aspetta!<\/p>\n","color":"","icon":"","noDetails":false,"noInteraction":false,"imageGallery":[{"src":"https:\/\/www.montepisano.travel\/wp-content\/uploads\/2018\/01\/eur9469-768x1040.jpg"},{"src":"https:\/\/www.montepisano.travel\/wp-content\/uploads\/2018\/01\/cas9689.jpg"},{"src":"https:\/\/www.montepisano.travel\/wp-content\/uploads\/2018\/01\/eur9401-768x492.jpg"},{"src":"https:\/\/www.montepisano.travel\/wp-content\/uploads\/2018\/01\/eur9541-768x510.jpg"},{"src":"https:\/\/www.montepisano.travel\/wp-content\/uploads\/2018\/01\/cas9597.jpg"},{"src":"https:\/\/www.montepisano.travel\/wp-content\/uploads\/2018\/01\/eur9532-768x535.jpg"}],"image":"https:\/\/www.montepisano.travel\/wp-content\/uploads\/2018\/01\/eur9469-768x1040.jpg","addr:street":"","addr:housenumber":"","addr:postcode":"","addr:city":"","contact:phone":"","contact:email":"","opening_hours":"","capacity":"","related":{"poi":{"neighbors":["7948","7905","7877","7915","7913","7860","7856","7999","6656","8001"]}}},"geometry":{"type":"Point","coordinates":[10.598137,43.734267]}}