{"type":"Feature","properties":{"id":6961,"name":"Casa Gentili","description":"<h4>Un angolo per pensare, leggere, scrivere e rilassarsi, immersi nel fascino genuino di un ambiente storico.<\/h4>\n<p>A casa Gentili si pu\u00f2 venire per tanti motivi: scoprire cosa si nasconde dietro l&#8217;originario muro di cinta, visitare il giardino ombreggiato dalle piante secolari, farsi suggestionare da una natura antica e curata. Si pu\u00f2 venire per godere del tempo dell&#8217;ozio o spinti dal desiderio di convivialit\u00e0 intorno al grande tavolo di cedro del libano che, un tempo, abbracciava gli spazi con la sua imponente presenza.<\/p>\n<div class=\"contatti-retisti\">\n<p><img class=\"retista-f\" src=\"http:\/\/www.montepisano.travel\/wp-content\/uploads\/2018\/01\/thumb1_5.jpg\" alt=\"\" \/><\/p>\n<div class=\"det-retisti\">\n<h4>Casa Gentili<\/h4>\n<p>Via dei Molini, 14<br \/>\nAvane (PI)<br \/>\n+39 320 4122440<br \/>\n<a href=\"mailto:marco.gentili@casagentili.com\">marco.gentili@casagentili.com<\/a><br \/>\n<a href=\"http:\/\/www.casagentili.com\" target=\"_blank\" rel=\"noopener\">www.casagentili.com<\/a><\/p>\n<\/div>\n<\/div>\n<p><strong>A casa Gentili si pu\u00f2 venire anche per vivere un&#8217;esperienza di soggiorno in una dimora unica<\/strong>, in cui gli elementi architettonici del vecchio pastificio si mescolano con elementi di design contemporaneo e con gli antichi mobili di famiglia, creando camere e ambienti di grande suggestione. Si pu\u00f2 venire per ascoltare un concerto, vedere uno spettacolo nell&#8217;ambito del progamma estivo \u201cUna sera insieme nel parco\u201d o per riscoprire antichi saperi con i corsi per imparare ad intercciare i tradizionali cesti toscani in vimini.<\/p>\n<p>A Casa Gentili sono nato e cresciuto, abitando l&#8217;antica dimora di Avane dove la mia famiglia si \u00e8 trasferita pi\u00f9 di un secolo fa, proseguendo la produzione della pasta iniziata nella vicina Pontasserchio.<\/p>\n\n\t\t<style type='text\/css'>\n\t\t\t#gallery-1 {\n\t\t\t\tmargin: auto;\n\t\t\t}\n\t\t\t#gallery-1 .gallery-item {\n\t\t\t\tfloat: left;\n\t\t\t\tmargin-top: 10px;\n\t\t\t\ttext-align: center;\n\t\t\t\twidth: 33%;\n\t\t\t}\n\t\t\t#gallery-1 img {\n\t\t\t\tborder: 2px solid #cfcfcf;\n\t\t\t}\n\t\t\t#gallery-1 .gallery-caption {\n\t\t\t\tmargin-left: 0;\n\t\t\t}\n\t\t\t\/* see gallery_shortcode() in wp-includes\/media.php *\/\n\t\t<\/style>\n\t\t<div id='gallery-1' class='gallery galleryid-6961 gallery-columns-3 gallery-size-thumbnail'><dl class='gallery-item'>\n\t\t\t<dt class='gallery-icon landscape'>\n\t\t\t\t<a href='https:\/\/www.montepisano.travel\/immagine002\/'><img width=\"150\" height=\"150\" src=\"https:\/\/www.montepisano.travel\/wp-content\/uploads\/2018\/01\/immagine002-150x150.jpg\" class=\"attachment-thumbnail size-thumbnail\" alt=\"\" aria-describedby=\"gallery-1-7171\" srcset=\"https:\/\/www.montepisano.travel\/wp-content\/uploads\/2018\/01\/immagine002-150x150.jpg 150w, https:\/\/www.montepisano.travel\/wp-content\/uploads\/2018\/01\/immagine002-300x300.jpg 300w, https:\/\/www.montepisano.travel\/wp-content\/uploads\/2018\/01\/immagine002-100x100.jpg 100w\" sizes=\"(max-width: 150px) 100vw, 150px\" \/><\/a>\n\t\t\t<\/dt>\n\t\t\t\t<dd class='wp-caption-text gallery-caption' id='gallery-1-7171'>\n\t\t\t\tUna piacevole vista sul giardino, dall&#8217;ingresso a piano terra\n\t\t\t\t<\/dd><\/dl><dl class='gallery-item'>\n\t\t\t<dt class='gallery-icon landscape'>\n\t\t\t\t<a href='https:\/\/www.montepisano.travel\/immagine003_opt-2\/'><img width=\"150\" height=\"150\" src=\"https:\/\/www.montepisano.travel\/wp-content\/uploads\/2018\/01\/immagine003_opt-1-150x150.jpg\" class=\"attachment-thumbnail size-thumbnail\" alt=\"\" aria-describedby=\"gallery-1-7173\" srcset=\"https:\/\/www.montepisano.travel\/wp-content\/uploads\/2018\/01\/immagine003_opt-1-150x150.jpg 150w, https:\/\/www.montepisano.travel\/wp-content\/uploads\/2018\/01\/immagine003_opt-1-300x300.jpg 300w, https:\/\/www.montepisano.travel\/wp-content\/uploads\/2018\/01\/immagine003_opt-1-100x100.jpg 100w\" sizes=\"(max-width: 150px) 100vw, 150px\" \/><\/a>\n\t\t\t<\/dt>\n\t\t\t\t<dd class='wp-caption-text gallery-caption' id='gallery-1-7173'>\n\t\t\t\tLa suite dove prima erano gli uffici del pastificio\n\t\t\t\t<\/dd><\/dl><dl class='gallery-item'>\n\t\t\t<dt class='gallery-icon landscape'>\n\t\t\t\t<a href='https:\/\/www.montepisano.travel\/immagine004_4\/'><img width=\"150\" height=\"150\" src=\"https:\/\/www.montepisano.travel\/wp-content\/uploads\/2018\/01\/immagine004_4-150x150.jpg\" class=\"attachment-thumbnail size-thumbnail\" alt=\"\" aria-describedby=\"gallery-1-7175\" srcset=\"https:\/\/www.montepisano.travel\/wp-content\/uploads\/2018\/01\/immagine004_4-150x150.jpg 150w, https:\/\/www.montepisano.travel\/wp-content\/uploads\/2018\/01\/immagine004_4-300x300.jpg 300w, https:\/\/www.montepisano.travel\/wp-content\/uploads\/2018\/01\/immagine004_4-100x100.jpg 100w\" sizes=\"(max-width: 150px) 100vw, 150px\" \/><\/a>\n\t\t\t<\/dt>\n\t\t\t\t<dd class='wp-caption-text gallery-caption' id='gallery-1-7175'>\n\t\t\t\tUn angolo per pensare e leggere all&#8217;ombra delle betulle\n\t\t\t\t<\/dd><\/dl><br style=\"clear: both\" \/><dl class='gallery-item'>\n\t\t\t<dt class='gallery-icon landscape'>\n\t\t\t\t<a href='https:\/\/www.montepisano.travel\/immagine001\/'><img width=\"150\" height=\"150\" src=\"https:\/\/www.montepisano.travel\/wp-content\/uploads\/2018\/01\/immagine001-150x150.jpg\" class=\"attachment-thumbnail size-thumbnail\" alt=\"\" aria-describedby=\"gallery-1-7177\" srcset=\"https:\/\/www.montepisano.travel\/wp-content\/uploads\/2018\/01\/immagine001-150x150.jpg 150w, https:\/\/www.montepisano.travel\/wp-content\/uploads\/2018\/01\/immagine001-300x300.jpg 300w, https:\/\/www.montepisano.travel\/wp-content\/uploads\/2018\/01\/immagine001-100x100.jpg 100w\" sizes=\"(max-width: 150px) 100vw, 150px\" \/><\/a>\n\t\t\t<\/dt>\n\t\t\t\t<dd class='wp-caption-text gallery-caption' id='gallery-1-7177'>\n\t\t\t\tLa facciata della villa &#8211; secolo XVI\n\t\t\t\t<\/dd><\/dl>\n\t\t\t<br style='clear: both' \/>\n\t\t<\/div>\n\n<p>Gli antichi elementi architettonici caratteristici del fabbricato sono in totale armonia e coerenza con la sua storia e la sua funzione passata di pastificio. Con la funzione dell&#8217;ospitalit\u00e0, si sono ricreati i legami con le persone e le realt\u00e0 del territorio, legami che un tempo erano parte integrante della vita della casa, dei terreni circostanti e del piccolo opificio a conduzione familiare.<\/p>\n<p>Nell&#8217;ambito del GAS (Gruppo di Acquisto Solidale), assieme ad altre famiglie, <strong>produciamo il pane<\/strong>; questo atto di condivisione ci permette di avere un prodotto fatto in casa e di mantenere i rapporti con la comunit\u00e0. Anche la raccolta delle noci del nostro giardino, nel mese di ottobre, ci fornisce materiale da baratto, un modo semplice e antico per avere a disposizione prodotti casalinghi e naturali.<\/p>\n<p><strong>Il pastore, che gli ospiti incontrano passeggiando sull&#8217;argine del fiume, fornisce la ricotta fresca per le colazioni. <\/strong>Lui e tutte le altre persone della comunit\u00e0 locale creano il contesto familiare nel quale i viaggiatori si muovono a loro agio come se avessero sempre vissuto nella antica dimora di famiglia. \u00c8 come se la storia di questo territorio diventasse anche la loro.<\/p>\n","color":"","icon":"","noDetails":false,"noInteraction":false,"imageGallery":[{"src":"https:\/\/www.montepisano.travel\/wp-content\/uploads\/2018\/01\/casa-gentili-montepisano8-768x511.jpg"},{"src":"https:\/\/www.montepisano.travel\/wp-content\/uploads\/2018\/01\/casa-gentili-montepisano5-768x576.jpg"},{"src":"https:\/\/www.montepisano.travel\/wp-content\/uploads\/2018\/01\/casa-gentili-montepisano6-768x502.jpg"},{"src":"https:\/\/www.montepisano.travel\/wp-content\/uploads\/2018\/01\/casa-gentili-montepisano3-768x511.jpg"},{"src":"https:\/\/www.montepisano.travel\/wp-content\/uploads\/2018\/01\/casa-gentili-montepisano-768x576.jpg"},{"src":"https:\/\/www.montepisano.travel\/wp-content\/uploads\/2018\/01\/casa-gentili-montepisano2-768x511.jpg"},{"src":"https:\/\/www.montepisano.travel\/wp-content\/uploads\/2018\/01\/casa-gentili-montepisano1-768x576.jpg"},{"src":"https:\/\/www.montepisano.travel\/wp-content\/uploads\/2018\/01\/casa-gentili-montepisano4-768x662.jpg"},{"src":"https:\/\/www.montepisano.travel\/wp-content\/uploads\/2018\/01\/casa-gentili-montepisano7-768x500.jpg"}],"image":"https:\/\/www.montepisano.travel\/wp-content\/uploads\/2018\/01\/casa-gentili-montepisano8-768x511.jpg","addr:street":"","addr:housenumber":"","addr:postcode":"","addr:city":"","contact:phone":"","contact:email":"","opening_hours":"","capacity":"","related":{"poi":{"neighbors":["7993","7962","7878","7873","7864","6785","7850","7911","7916","7899"]}}},"geometry":{"type":"Point","coordinates":[10.40901,43.788291]}}