{"type":"Feature","properties":{"id":6982,"name":"CAI &#8211; Club Alpino Italiano","description":"<h4>Escursioni con soci qualificati. Vivere il monte in maniera responsabile e civile attraverso l&#8217;organizzazione di eventi culturali e la manutenzione dei sentieri.<\/h4>\n<p>Il CAI provvede alla diffusione della frequentazione della montagna e all\u2019organizzazione di iniziative alpinistiche, escursionistiche e speleologiche.<\/p>\n<div class=\"contatti-retisti\">\n<p><img class=\"retista-f\" src=\"http:\/\/www.montepisano.travel\/wp-content\/uploads\/2018\/01\/cai_club_alpino_italiano_stemma_opt.png\" alt=\"\" \/><\/p>\n<div class=\"det-retisti\">\n<h4>CAI &#8211; Club Alpino Italiano<\/h4>\n<p>Via Fiorentina, 167<br \/>\nPisa (PI)<br \/>\n+39 050 578004<br \/>\n<a href=\"mailto:info@caipisa.it\">info@caipisa.it<\/a><br \/>\n<a href=\"http:\/\/www.caipisa.it\" target=\"_blank\" rel=\"noopener\">www.caipisa.it<\/a><\/p>\n<\/div>\n<\/div>\n<p>Il CAI organizza e gestisce inoltre corsi d\u2019addestramento per le attivit\u00e0 alpinistiche, sci-alpinistiche, escursionistiche, speleologiche, naturalistiche volti a promuovere una sicura frequentazione della montagna; traccia, realizza\u00a0e manutiene\u00a0sentieri, opere alpine e attrezzature alpinistiche; alla manutenzione ed alla gestione dei propri rifugi.<\/p>\n\n\t\t<style type='text\/css'>\n\t\t\t#gallery-2 {\n\t\t\t\tmargin: auto;\n\t\t\t}\n\t\t\t#gallery-2 .gallery-item {\n\t\t\t\tfloat: left;\n\t\t\t\tmargin-top: 10px;\n\t\t\t\ttext-align: center;\n\t\t\t\twidth: 33%;\n\t\t\t}\n\t\t\t#gallery-2 img {\n\t\t\t\tborder: 2px solid #cfcfcf;\n\t\t\t}\n\t\t\t#gallery-2 .gallery-caption {\n\t\t\t\tmargin-left: 0;\n\t\t\t}\n\t\t\t\/* see gallery_shortcode() in wp-includes\/media.php *\/\n\t\t<\/style>\n\t\t<div id='gallery-2' class='gallery galleryid-6982 gallery-columns-3 gallery-size-thumbnail'><dl class='gallery-item'>\n\t\t\t<dt class='gallery-icon landscape'>\n\t\t\t\t<a href='https:\/\/www.montepisano.travel\/4_cai_pisa_580x\/'><img width=\"150\" height=\"150\" src=\"https:\/\/www.montepisano.travel\/wp-content\/uploads\/2018\/01\/4_cai_pisa_580x-150x150.jpg\" class=\"attachment-thumbnail size-thumbnail\" alt=\"\" aria-describedby=\"gallery-2-7137\" srcset=\"https:\/\/www.montepisano.travel\/wp-content\/uploads\/2018\/01\/4_cai_pisa_580x-150x150.jpg 150w, https:\/\/www.montepisano.travel\/wp-content\/uploads\/2018\/01\/4_cai_pisa_580x-300x300.jpg 300w, https:\/\/www.montepisano.travel\/wp-content\/uploads\/2018\/01\/4_cai_pisa_580x-100x100.jpg 100w\" sizes=\"(max-width: 150px) 100vw, 150px\" \/><\/a>\n\t\t\t<\/dt>\n\t\t\t\t<dd class='wp-caption-text gallery-caption' id='gallery-2-7137'>\n\t\t\t\tPizzo d&#8217;Uccello &#8211; Alpi Apuane: il nuovo tratto della via ferrata Tordini Galligani, realizzata quaranta anni fa dalla sezione e recentemente risistemata a causa degli eventi sismici che hanno colpito la zona di Equi Terme\n\t\t\t\t<\/dd><\/dl><dl class='gallery-item'>\n\t\t\t<dt class='gallery-icon landscape'>\n\t\t\t\t<a href='https:\/\/www.montepisano.travel\/2_cai_pisa_580x-2\/'><img width=\"150\" height=\"150\" src=\"https:\/\/www.montepisano.travel\/wp-content\/uploads\/2018\/01\/2_cai_pisa_580x-1-150x150.jpg\" class=\"attachment-thumbnail size-thumbnail\" alt=\"\" aria-describedby=\"gallery-2-7139\" srcset=\"https:\/\/www.montepisano.travel\/wp-content\/uploads\/2018\/01\/2_cai_pisa_580x-1-150x150.jpg 150w, https:\/\/www.montepisano.travel\/wp-content\/uploads\/2018\/01\/2_cai_pisa_580x-1-300x300.jpg 300w, https:\/\/www.montepisano.travel\/wp-content\/uploads\/2018\/01\/2_cai_pisa_580x-1-100x100.jpg 100w\" sizes=\"(max-width: 150px) 100vw, 150px\" \/><\/a>\n\t\t\t<\/dt>\n\t\t\t\t<dd class='wp-caption-text gallery-caption' id='gallery-2-7139'>\n\t\t\t\tRipristino di un sentiero danneggiato dalle piogge\n\t\t\t\t<\/dd><\/dl><dl class='gallery-item'>\n\t\t\t<dt class='gallery-icon landscape'>\n\t\t\t\t<a href='https:\/\/www.montepisano.travel\/0_cai_pisa_580x\/'><img width=\"150\" height=\"150\" src=\"https:\/\/www.montepisano.travel\/wp-content\/uploads\/2018\/01\/0_cai_pisa_580x-150x150.jpg\" class=\"attachment-thumbnail size-thumbnail\" alt=\"\" aria-describedby=\"gallery-2-7141\" srcset=\"https:\/\/www.montepisano.travel\/wp-content\/uploads\/2018\/01\/0_cai_pisa_580x-150x150.jpg 150w, https:\/\/www.montepisano.travel\/wp-content\/uploads\/2018\/01\/0_cai_pisa_580x-300x300.jpg 300w, https:\/\/www.montepisano.travel\/wp-content\/uploads\/2018\/01\/0_cai_pisa_580x-100x100.jpg 100w\" sizes=\"(max-width: 150px) 100vw, 150px\" \/><\/a>\n\t\t\t<\/dt>\n\t\t\t\t<dd class='wp-caption-text gallery-caption' id='gallery-2-7141'>\n\t\t\t\tLa capanna di Fonte a Noce utilizzata per promuovere attivit\u00e0 didattiche escursionistico-ambientale sul Monte Pisano\n\t\t\t\t<\/dd><\/dl><br style=\"clear: both\" \/>\n\t\t<\/div>\n\n<p>Promuove infine attivit\u00e0 scientifiche e didattiche per la conoscenza di ogni aspetto dell\u2019ambiente montano; iniziative di formazione di tipo etico-culturale, studi dedicati alla diffusione della conoscenza dell\u2019ambiente montano e delle sue genti nei suoi molteplici aspetti, della fotografia e della cinematografia di montagna, della conservazione della cultura alpina.<\/p>\n","color":"","icon":"","noDetails":false,"noInteraction":false,"imageGallery":[{"src":"https:\/\/www.montepisano.travel\/wp-content\/uploads\/2018\/01\/4.jpg"},{"src":"https:\/\/www.montepisano.travel\/wp-content\/uploads\/2018\/01\/3_manutenzione_sentieri.jpg"},{"src":"https:\/\/www.montepisano.travel\/wp-content\/uploads\/2018\/01\/9-768x576.jpg"},{"src":"https:\/\/www.montepisano.travel\/wp-content\/uploads\/2018\/01\/8_attivita_di_escursionismo_giovanile-768x576.jpg"},{"src":"https:\/\/www.montepisano.travel\/wp-content\/uploads\/2018\/01\/7-768x576.jpg"},{"src":"https:\/\/www.montepisano.travel\/wp-content\/uploads\/2018\/01\/6-768x576.jpg"},{"src":"https:\/\/www.montepisano.travel\/wp-content\/uploads\/2018\/01\/5_manutenzione_sentieri_apuani.jpg"},{"src":"https:\/\/www.montepisano.travel\/wp-content\/uploads\/2018\/01\/2_escursione-768x576.jpg"},{"src":"https:\/\/www.montepisano.travel\/wp-content\/uploads\/2018\/01\/1_alla_verruca-768x576.jpg"}],"image":"https:\/\/www.montepisano.travel\/wp-content\/uploads\/2018\/01\/4.jpg","addr:street":"","addr:housenumber":"","addr:postcode":"","addr:city":"","contact:phone":"","contact:email":"","opening_hours":"","capacity":"","related":{"poi":{"neighbors":["114","455","8019","8013","8022","101","446","60","542","7888"]}}},"geometry":{"type":"Point","coordinates":[10.412825,43.704695]}}