{"type":"Feature","properties":{"id":6985,"name":"Azimut \u2013 Treks","description":"<h4>Organizzazione ed escursioni guidate di uno o pi\u00f9 giorni nel territorio pisano ed altre mete toscane.<\/h4>\n<p>La mia passione per il cammino, il trekking e l\u2019escursionismo \u00e8 iniziata con i primissimi passi. Solo dopo un percorso di vita che mi ha portato a vivere lunghi periodi all\u2019estero con esperienze lavorative sia a contatto col pubblico che nella organizzazione di eventi, ricoprendo infine la posizione di manager vendite per una azienda internazionale, ho sentito la netta esigenza di dirigere le mie conoscenze e abilit\u00e0 verso ci\u00f2 che mi sono sempre sentito: essere una guida.<\/p>\n<div class=\"contatti-retisti\">\n<p><img class=\"retista-f\" src=\"http:\/\/www.montepisano.travel\/wp-content\/uploads\/2018\/01\/bio_pic_400x.jpg\" alt=\"\" \/><\/p>\n<div class=\"det-retisti\">\n<h4>Azimut \u2013 Treks<\/h4>\n<p>+39 339 5675637<br \/>\n<a href=\"mailto:info@azimut-treks.com\">info@azimut-treks.com<\/a><br \/>\n<a href=\"http:\/\/www.azimut-treks.com\" target=\"_blank\" rel=\"noopener\">www.azimut-treks.com<\/a><\/p>\n<\/div>\n<\/div>\n<p>Avendo questo obbiettivo in mente ho fondato Azimut \u2013 Treks, una piccola azienda con il grande obbiettivo di offrire prodotti turistici che riescano a portare al pi\u00f9 ampio bacino possibile le enormi risorse naturali, storiche e paesaggistiche del nostro territorio.<\/p>\n\n\t\t<style type='text\/css'>\n\t\t\t#gallery-1 {\n\t\t\t\tmargin: auto;\n\t\t\t}\n\t\t\t#gallery-1 .gallery-item {\n\t\t\t\tfloat: left;\n\t\t\t\tmargin-top: 10px;\n\t\t\t\ttext-align: center;\n\t\t\t\twidth: 33%;\n\t\t\t}\n\t\t\t#gallery-1 img {\n\t\t\t\tborder: 2px solid #cfcfcf;\n\t\t\t}\n\t\t\t#gallery-1 .gallery-caption {\n\t\t\t\tmargin-left: 0;\n\t\t\t}\n\t\t\t\/* see gallery_shortcode() in wp-includes\/media.php *\/\n\t\t<\/style>\n\t\t<div id='gallery-1' class='gallery galleryid-6985 gallery-columns-3 gallery-size-thumbnail'><dl class='gallery-item'>\n\t\t\t<dt class='gallery-icon landscape'>\n\t\t\t\t<a href='https:\/\/www.montepisano.travel\/3_580x\/'><img width=\"150\" height=\"150\" src=\"https:\/\/www.montepisano.travel\/wp-content\/uploads\/2018\/01\/3_580x-150x150.jpg\" class=\"attachment-thumbnail size-thumbnail\" alt=\"\" aria-describedby=\"gallery-1-7120\" srcset=\"https:\/\/www.montepisano.travel\/wp-content\/uploads\/2018\/01\/3_580x-150x150.jpg 150w, https:\/\/www.montepisano.travel\/wp-content\/uploads\/2018\/01\/3_580x-300x300.jpg 300w, https:\/\/www.montepisano.travel\/wp-content\/uploads\/2018\/01\/3_580x-100x100.jpg 100w\" sizes=\"(max-width: 150px) 100vw, 150px\" \/><\/a>\n\t\t\t<\/dt>\n\t\t\t\t<dd class='wp-caption-text gallery-caption' id='gallery-1-7120'>\n\t\t\t\tBellissima giornata di trekking nelle valli di Vorno con un gruppo numeroso.\n\t\t\t\t<\/dd><\/dl><dl class='gallery-item'>\n\t\t\t<dt class='gallery-icon landscape'>\n\t\t\t\t<a href='https:\/\/www.montepisano.travel\/2_580x\/'><img width=\"150\" height=\"150\" src=\"https:\/\/www.montepisano.travel\/wp-content\/uploads\/2018\/01\/2_580x-150x150.jpg\" class=\"attachment-thumbnail size-thumbnail\" alt=\"\" aria-describedby=\"gallery-1-7122\" srcset=\"https:\/\/www.montepisano.travel\/wp-content\/uploads\/2018\/01\/2_580x-150x150.jpg 150w, https:\/\/www.montepisano.travel\/wp-content\/uploads\/2018\/01\/2_580x-300x300.jpg 300w, https:\/\/www.montepisano.travel\/wp-content\/uploads\/2018\/01\/2_580x-100x100.jpg 100w\" sizes=\"(max-width: 150px) 100vw, 150px\" \/><\/a>\n\t\t\t<\/dt>\n\t\t\t\t<dd class='wp-caption-text gallery-caption' id='gallery-1-7122'>\n\t\t\t\tFoto di gruppo in vetta al monte Matanna \u2013 Bellissima cima dell nostre Alpi Apuane\n\t\t\t\t<\/dd><\/dl><dl class='gallery-item'>\n\t\t\t<dt class='gallery-icon landscape'>\n\t\t\t\t<a href='https:\/\/www.montepisano.travel\/4_580x\/'><img width=\"150\" height=\"150\" src=\"https:\/\/www.montepisano.travel\/wp-content\/uploads\/2018\/01\/4_580x-150x150.jpg\" class=\"attachment-thumbnail size-thumbnail\" alt=\"\" aria-describedby=\"gallery-1-7124\" srcset=\"https:\/\/www.montepisano.travel\/wp-content\/uploads\/2018\/01\/4_580x-150x150.jpg 150w, https:\/\/www.montepisano.travel\/wp-content\/uploads\/2018\/01\/4_580x-300x300.jpg 300w, https:\/\/www.montepisano.travel\/wp-content\/uploads\/2018\/01\/4_580x-100x100.jpg 100w\" sizes=\"(max-width: 150px) 100vw, 150px\" \/><\/a>\n\t\t\t<\/dt>\n\t\t\t\t<dd class='wp-caption-text gallery-caption' id='gallery-1-7124'>\n\t\t\t\tTrekking delle fortificazioni del Monte Pisano \u2013 Il gruppo in cammino sulle colline di San Giuliano\n\t\t\t\t<\/dd><\/dl><br style=\"clear: both\" \/><dl class='gallery-item'>\n\t\t\t<dt class='gallery-icon landscape'>\n\t\t\t\t<a href='https:\/\/www.montepisano.travel\/1_580x-2\/'><img width=\"150\" height=\"150\" src=\"https:\/\/www.montepisano.travel\/wp-content\/uploads\/2018\/01\/1_580x-1-150x150.jpg\" class=\"attachment-thumbnail size-thumbnail\" alt=\"\" aria-describedby=\"gallery-1-7126\" srcset=\"https:\/\/www.montepisano.travel\/wp-content\/uploads\/2018\/01\/1_580x-1-150x150.jpg 150w, https:\/\/www.montepisano.travel\/wp-content\/uploads\/2018\/01\/1_580x-1-300x300.jpg 300w, https:\/\/www.montepisano.travel\/wp-content\/uploads\/2018\/01\/1_580x-1-100x100.jpg 100w\" sizes=\"(max-width: 150px) 100vw, 150px\" \/><\/a>\n\t\t\t<\/dt>\n\t\t\t\t<dd class='wp-caption-text gallery-caption' id='gallery-1-7126'>\n\t\t\t\tBriefing per una lunga escursione serale a San Rossore\n\t\t\t\t<\/dd><\/dl>\n\t\t\t<br style='clear: both' \/>\n\t\t<\/div>\n\n<p><strong>In particolare vorrei portare l\u2019area del Monte Pisano, che considero un gioiello di rarit\u00e0 assoluta, all&#8217;attenzione del pubblico internazionale,<\/strong> condividendo l\u2019incredibile ambiente che millenni di interazione tra uomo e natura hanno creato ed \u00e8 arrivato a noi bellissimo e perfettamente in equilibrio.<\/p>\n<p>Negli ultimi quattro anni, ho accompagnamento turisti stranieri in Toscana, creato, organizzato e condotto grandi viaggi in Norvegia, Italia, Germania e Portogallo. Il tratto socievole e solare del mio carattere mi permette di affrontare le situazioni pi\u00f9 disparate, come un imprevisto da risolvere o un incontro inaspettato durante il cammino che potr\u00e0 arricchire l&#8217;esperienza di viaggio.<\/p>\n","color":"","icon":"","noDetails":false,"noInteraction":false,"imageGallery":[{"src":"https:\/\/www.montepisano.travel\/wp-content\/uploads\/2018\/01\/conduzione_massaciuccoli-22_1024x-768x510.jpg"},{"src":"https:\/\/www.montepisano.travel\/wp-content\/uploads\/2018\/01\/9_1024x-768x510.jpg"},{"src":"https:\/\/www.montepisano.travel\/wp-content\/uploads\/2018\/01\/8_1024x-768x510.jpg"},{"src":"https:\/\/www.montepisano.travel\/wp-content\/uploads\/2018\/01\/7_1024x-768x510.jpg"},{"src":"https:\/\/www.montepisano.travel\/wp-content\/uploads\/2018\/01\/6_1024x-768x510.jpg"},{"src":"https:\/\/www.montepisano.travel\/wp-content\/uploads\/2018\/01\/5_1024x-768x510.jpg"}],"image":"https:\/\/www.montepisano.travel\/wp-content\/uploads\/2018\/01\/conduzione_massaciuccoli-22_1024x-768x510.jpg","addr:street":"","addr:housenumber":"","addr:postcode":"","addr:city":"","contact:phone":"","contact:email":"","opening_hours":"","capacity":"","related":{"poi":{"neighbors":["6925","7879","566","567","6695","7985","7866","7949","7945","6842"]}}},"geometry":{"type":"Point","coordinates":[10.44081,43.763168]}}