{"type":"Feature","properties":{"id":7000,"name":"VelaToscana ASD","description":"<h4>Veleggiate e Scuola Vela lungo il litorale pisano.<\/h4>\n<p>Partiamo dal Porto di Marina di Pisa e in un ora raggiungiamo le Secche della Meloria, una zona di basso fondale ideale per nuotare ammirare i pesci.<\/p>\n<p>Veleggiamo lungo le rive del Parco Naturale di Migliarino San Rossore.<\/p>\n<div class=\"contatti-retisti\">\n<p><img class=\"retista-f\" src=\"http:\/\/www.montepisano.travel\/wp-content\/uploads\/2018\/01\/thumb_giovannigiulia_1.jpg\" alt=\"\" \/><\/p>\n<div class=\"det-retisti\">\n<h4>VelaToscana ASD<\/h4>\n<p>Via Barbolani 2\/B<br \/>\n56128 Marina di Pisa<br \/>\n+39 335 6690366<br \/>\n+39 335 7355157<br \/>\n<a href=\"mailto:info@velatoscana.net\">info@velatoscana.net<\/a><br \/>\n<a href=\"http:\/\/www.velatoscana.net\" target=\"_blank\" rel=\"noopener\">www.velatoscana.net<\/a><\/p>\n<\/div>\n<\/div>\n<p>Veleggiamo durante il tramonto con aperitivo e prosecco.<\/p>\n<p>Rientriamo in porto la sera tardi sotto le stelle.<\/p>\n<p>Su richiesta organizziamo crociere di pochi giorni a Porto Venere, Cinque Terre e Arcipelago Toscano.<\/p>\n<p><strong>Organizziamo veleggiate:<\/strong><\/p>\n<ul>\n<li>giornaliere 10-18<\/li>\n<li>pomeridiane 14-18<\/li>\n<li>serali 18.30-22<\/li>\n<li>2-3 giorni con pernottamento a bordo<\/li>\n<\/ul>\n","color":"","icon":"","noDetails":false,"noInteraction":false,"imageGallery":[{"src":"https:\/\/www.montepisano.travel\/wp-content\/uploads\/2018\/01\/VelaToscana-ASD-Aperitif.jpg"},{"src":"https:\/\/www.montepisano.travel\/wp-content\/uploads\/2018\/01\/VelaToscana-ASD-aperiitivo1.jpg"},{"src":"https:\/\/www.montepisano.travel\/wp-content\/uploads\/2018\/01\/VelaToscana-ASD-Goletta-Portoferraio-768x852.jpg"},{"src":"https:\/\/www.montepisano.travel\/wp-content\/uploads\/2018\/01\/VelaToscana-ASD-Winches-768x576.jpg"},{"src":"https:\/\/www.montepisano.travel\/wp-content\/uploads\/2018\/01\/VelaToscana-ASD-meloria.jpg"},{"src":"https:\/\/www.montepisano.travel\/wp-content\/uploads\/2018\/01\/VelaToscana-ASD-porto-venere-768x510.jpg"},{"src":"https:\/\/www.montepisano.travel\/wp-content\/uploads\/2018\/01\/VelaToscana-ASD1-768x512.jpg"},{"src":"https:\/\/www.montepisano.travel\/wp-content\/uploads\/2018\/01\/VelaToscana-ASD2-768x432.jpg"}],"image":"https:\/\/www.montepisano.travel\/wp-content\/uploads\/2018\/01\/VelaToscana-ASD-Aperitif.jpg","addr:street":"","addr:housenumber":"","addr:postcode":"","addr:city":"","contact:phone":"","contact:email":"","opening_hours":"","capacity":"","related":{"poi":{"neighbors":["7974","7994"]}}},"geometry":{"type":"Point","coordinates":[10.2704048,43.6763028]}}