{"type":"Feature","properties":{"id":7023,"name":"Al Palazzaccio","description":"<h4>Una casa colonica del \u2018700 nel silenzio della campagna, tranquillit\u00e0, profumi e sapori della cucina toscana con olio extravergine di oliva biologico.<\/h4>\n<p>Grazie per averci fatto sentire &#8220;a casa&#8221; in questo angolo di Toscana. Grazie per la vostra deliziosa accoglienza e per la vostra disponibilit\u00e0 nel consigliarci cosa visitare. Grazie per le cene deliziose che ci avete servito. Torneremo sicuramente&#8230;<\/p>\n<p>Queste parole lasciate da una coppia nostra ospite sul &#8220;libro dei ricordi&#8221; forse basterebbero a riassumere l&#8217;esperienza che offriamo nel nostro Agriturismo.<\/p>\n<p>La mia famiglia \u00e8 presente sul territorio calcesano da pi\u00f9 di 300 anni, con l&#8217;azienda agricola che ha sempre prodotto olio di oliva extravergine. Questa terra, va da s\u00e9, che l&#8217;abbiamo nel sangue!<\/p>\n<div class=\"contatti-retisti\">\n<p><img class=\"retista-f\" src=\"http:\/\/www.montepisano.travel\/wp-content\/uploads\/2018\/01\/thumb1_0.jpg\" alt=\"\" \/><\/p>\n<div class=\"det-retisti\">\n<h4>Al Palazzaccio<\/h4>\n<p>Via del Seminario, 11<br \/>\nCalci (PI)<br \/>\n+39 050 934189<br \/>\n<a href=\"mailto:info@alpalazzaccio.com\">info@alpalazzaccio.com<\/a><br \/>\n<a href=\"http:\/\/www.alpalazzaccio.com\" target=\"_blank\" rel=\"noopener\">www.alpalazzaccio.com<\/a><\/p>\n<\/div>\n<\/div>\n<p><strong>Alla tradizionale attivit\u00e0 dell&#8217;azienda agricola, per la produzione dell&#8217;olio extravergine d&#8217;oliva biologico, ho affiancato anche l&#8217;agriturismo Al Palazzaccio.<\/strong> La struttura \u00e8 costituita da due appartamenti, che possono ospitare gruppi di 4 o pi\u00f9 persone ciascuno, e da una camera matrimoniale con bagno. Il numero contenuto degli ospiti \u00e8 garanzia di poter vivere un soggiorno rilassante come se si fosse &#8220;a casa propria&#8221; con la certezza di essere coccolati e accuditi dai padroni di casa. Infatti, la mia famiglia abita nella stessa struttura dell&#8217;agriturismo e siamo sempre disponibili per consigli o suggerimenti sugli itinerari per scoprire gli scorci pi\u00f9 belli del territorio circostante.<\/p>\n<p>La posizione dell&#8217;agriturismo, seppur appartata, non \u00e8 lontana dal paese di Calci, raggiungibile in dieci minuti anche a piedi. Uno dei percorsi a piedi che suggeriamo \u00e8 quello per la Certosa Monumentale di Calci e per la Pieve romanica che si raggiunge lungo un piacevolissimo tragitto attraverso il paese con tratti nella campagna.<\/p>\n\n\t\t<style type='text\/css'>\n\t\t\t#gallery-1 {\n\t\t\t\tmargin: auto;\n\t\t\t}\n\t\t\t#gallery-1 .gallery-item {\n\t\t\t\tfloat: left;\n\t\t\t\tmargin-top: 10px;\n\t\t\t\ttext-align: center;\n\t\t\t\twidth: 33%;\n\t\t\t}\n\t\t\t#gallery-1 img {\n\t\t\t\tborder: 2px solid #cfcfcf;\n\t\t\t}\n\t\t\t#gallery-1 .gallery-caption {\n\t\t\t\tmargin-left: 0;\n\t\t\t}\n\t\t\t\/* see gallery_shortcode() in wp-includes\/media.php *\/\n\t\t<\/style>\n\t\t<div id='gallery-1' class='gallery galleryid-7023 gallery-columns-3 gallery-size-thumbnail'><dl class='gallery-item'>\n\t\t\t<dt class='gallery-icon landscape'>\n\t\t\t\t<a href='https:\/\/www.montepisano.travel\/immagine04_4-2\/'><img width=\"150\" height=\"150\" src=\"https:\/\/www.montepisano.travel\/wp-content\/uploads\/2018\/01\/immagine04_4-1-150x150.jpg\" class=\"attachment-thumbnail size-thumbnail\" alt=\"\" aria-describedby=\"gallery-1-7087\" srcset=\"https:\/\/www.montepisano.travel\/wp-content\/uploads\/2018\/01\/immagine04_4-1-150x150.jpg 150w, https:\/\/www.montepisano.travel\/wp-content\/uploads\/2018\/01\/immagine04_4-1-300x300.jpg 300w, https:\/\/www.montepisano.travel\/wp-content\/uploads\/2018\/01\/immagine04_4-1-100x100.jpg 100w\" sizes=\"(max-width: 150px) 100vw, 150px\" \/><\/a>\n\t\t\t<\/dt>\n\t\t\t\t<dd class='wp-caption-text gallery-caption' id='gallery-1-7087'>\n\t\t\t\tSalotto Volpe\n\t\t\t\t<\/dd><\/dl><dl class='gallery-item'>\n\t\t\t<dt class='gallery-icon landscape'>\n\t\t\t\t<a href='https:\/\/www.montepisano.travel\/immagine03_4\/'><img width=\"150\" height=\"150\" src=\"https:\/\/www.montepisano.travel\/wp-content\/uploads\/2018\/01\/immagine03_4-150x150.jpg\" class=\"attachment-thumbnail size-thumbnail\" alt=\"\" aria-describedby=\"gallery-1-7085\" srcset=\"https:\/\/www.montepisano.travel\/wp-content\/uploads\/2018\/01\/immagine03_4-150x150.jpg 150w, https:\/\/www.montepisano.travel\/wp-content\/uploads\/2018\/01\/immagine03_4-300x300.jpg 300w, https:\/\/www.montepisano.travel\/wp-content\/uploads\/2018\/01\/immagine03_4-100x100.jpg 100w\" sizes=\"(max-width: 150px) 100vw, 150px\" \/><\/a>\n\t\t\t<\/dt>\n\t\t\t\t<dd class='wp-caption-text gallery-caption' id='gallery-1-7085'>\n\t\t\t\tCamera Tasso\n\t\t\t\t<\/dd><\/dl><dl class='gallery-item'>\n\t\t\t<dt class='gallery-icon landscape'>\n\t\t\t\t<a href='https:\/\/www.montepisano.travel\/immagine02_7\/'><img width=\"150\" height=\"150\" src=\"https:\/\/www.montepisano.travel\/wp-content\/uploads\/2018\/01\/immagine02_7-150x150.jpg\" class=\"attachment-thumbnail size-thumbnail\" alt=\"\" aria-describedby=\"gallery-1-7083\" srcset=\"https:\/\/www.montepisano.travel\/wp-content\/uploads\/2018\/01\/immagine02_7-150x150.jpg 150w, https:\/\/www.montepisano.travel\/wp-content\/uploads\/2018\/01\/immagine02_7-300x300.jpg 300w, https:\/\/www.montepisano.travel\/wp-content\/uploads\/2018\/01\/immagine02_7-100x100.jpg 100w\" sizes=\"(max-width: 150px) 100vw, 150px\" \/><\/a>\n\t\t\t<\/dt>\n\t\t\t\t<dd class='wp-caption-text gallery-caption' id='gallery-1-7083'>\n\t\t\t\tPanorama sulla Verruca\n\t\t\t\t<\/dd><\/dl><br style=\"clear: both\" \/><dl class='gallery-item'>\n\t\t\t<dt class='gallery-icon landscape'>\n\t\t\t\t<a href='https:\/\/www.montepisano.travel\/immagine01_12\/'><img width=\"150\" height=\"150\" src=\"https:\/\/www.montepisano.travel\/wp-content\/uploads\/2018\/01\/immagine01_12-150x150.jpg\" class=\"attachment-thumbnail size-thumbnail\" alt=\"\" aria-describedby=\"gallery-1-7081\" srcset=\"https:\/\/www.montepisano.travel\/wp-content\/uploads\/2018\/01\/immagine01_12-150x150.jpg 150w, https:\/\/www.montepisano.travel\/wp-content\/uploads\/2018\/01\/immagine01_12-300x300.jpg 300w, https:\/\/www.montepisano.travel\/wp-content\/uploads\/2018\/01\/immagine01_12-100x100.jpg 100w\" sizes=\"(max-width: 150px) 100vw, 150px\" \/><\/a>\n\t\t\t<\/dt>\n\t\t\t\t<dd class='wp-caption-text gallery-caption' id='gallery-1-7081'>\n\t\t\t\tVeduta della casa\n\t\t\t\t<\/dd><\/dl>\n\t\t\t<br style='clear: both' \/>\n\t\t<\/div>\n\n<p>Al Palazzaccio abbiamo aperto anche un piccolo ristorante in cui prepariamo i piatti della cucina tipica locale solo con i prodotti del nostro orto o con prodotti toscani a km 0, tutti accompagnati dal nostro olio extra vergine di oliva biologico. Anche il ristorante rispecchia il nostro desiderio di offrire piatti genuini da gustare in tranquillit\u00e0: infatti i posti a tavola sono solo 12.<\/p>\n<p><strong>Se volete portare a casa tutti i sapori del Monte Pisano<\/strong> abbiamo anche un piccolo negozio per la vendita dei prodotti della nostra azienda come l&#8217;olio, le confetture \u2013 che potrete apprezzare nelle nostre colazioni &#8211; la lavanda e il sapone. In estate offriamo delle serate di degustazione dei nostri prodotti, un&#8217;occasione per conoscersi, raccontare le storie e la vita della campagna e osservare un bel cielo stellato!<\/p>\n<p>I nostri ospiti avranno l&#8217;occasione di incontrare gli animali della nostra fattoria: galline, asini, pecore e i nostri socievolissimi gatti. A seconda delle stagioni, sar\u00e0 possibile seguire i diversi lavori agricoli che, come una volta, seguono i ritmi dettati dalla natura.<\/p>\n<p>A disposizione degli ospiti giochi, un tavolo da ping-pong, la piscina &#8211; ideale per rinfrescarsi nelle giornate pi\u00f9 calde &#8211; e una zona relax con l&#8217;amaca, per leggere o per farsi cullare dal brusio del vento tra le fronde.<\/p>\n<p>L&#8217;amore per la nostra terra, per la sua storia e per i suoi ritmi umani ha trovato il suo naturale sbocco nel sentimento di ospitalit\u00e0 e di accoglienza che trasmettiamo a tutti coloro che ci vengono a trovare Al Palazzaccio.<\/p>\n","color":"","icon":"","noDetails":false,"noInteraction":false,"imageGallery":[{"src":"https:\/\/www.montepisano.travel\/wp-content\/uploads\/2018\/01\/immagine10_4-768x768.jpg"},{"src":"https:\/\/www.montepisano.travel\/wp-content\/uploads\/2018\/01\/immagine09_2-768x576.jpg"},{"src":"https:\/\/www.montepisano.travel\/wp-content\/uploads\/2018\/01\/immagine08_2-768x576.jpg"},{"src":"https:\/\/www.montepisano.travel\/wp-content\/uploads\/2018\/01\/immagine07_3-768x512.jpg"},{"src":"https:\/\/www.montepisano.travel\/wp-content\/uploads\/2018\/01\/immagine06_5-768x509.jpg"},{"src":"https:\/\/www.montepisano.travel\/wp-content\/uploads\/2018\/01\/immagine05_3-768x509.jpg"}],"image":"https:\/\/www.montepisano.travel\/wp-content\/uploads\/2018\/01\/immagine10_4-768x768.jpg","addr:street":"","addr:housenumber":"","addr:postcode":"","addr:city":"","contact:phone":"","contact:email":"","opening_hours":"","capacity":"","related":{"poi":{"neighbors":["7950","7846","8023","7868","7867","7920","6893","7859","7943","7972"]}}},"geometry":{"type":"Point","coordinates":[10.514538,43.732646]}}