{"type":"Feature","properties":{"id":7303,"name":"Locanda Sant&#8217;Agata","description":"<h4>Il fascino di un antico podere, la cura per l&#8217;ospitalit\u00e0 ed un grande chef in cucina.<\/h4>\n<p>Affacciandoti dalle finestre delle nostre camere potrai godere di tutte le bellezze del territorio, assaporando, a colpo d&#8217;occhio, tutte le magnificenze della Toscana.<\/p>\n<div class=\"contatti-retisti\">\n<p><img class=\"retista-f\" src=\"http:\/\/www.montepisano.travel\/wp-content\/uploads\/2018\/01\/thumb_opt.jpg\" alt=\"\" \/><\/p>\n<div class=\"det-retisti\">\n<h4>Locanda Sant&#8217;Agata<\/h4>\n<p>SS12 dell\u2019Abetone e del Brennero km 5+812<br \/>\nS. Giuliano Terme (PI)<br \/>\n+39 050 820328<br \/>\n<a href=\"mailto:info@locandasantagata.it\">info@locandasantagata.it<\/a><br \/>\n<a href=\"http:\/\/www.locandasantagata.it\" target=\"_blank\" rel=\"noopener\">www.locandasantagata.it<\/a><\/p>\n<\/div>\n<\/div>\n<p>La Locanda Sant&#8217;Agata, non \u00e8 solo grande ospitalit\u00e0 e servizi di alto livello, ma anche un rinomato ristorante in cui assaggiare il meglio delle specialit\u00e0 della cucina toscana, rivistate con arte dal nostro chef. <strong>Una location suggestiva e affascinante<\/strong> in cui celebrare matrimoni da sogno, cerimonie e ricorrenze, immersi nella natura e nella storia.<\/p>\n<p>La Locanda Sant&#8217;Agata \u00e8 la scelta giusta per tutti coloro che cercano un albergo vicino alle terme, per regalarsi un soggiorno di benessere. Per chi vuole un hotel a San Giuliano Terme, per una vacanza in Toscana all&#8217;insegna del relax, godendo delle magiche atmosfere della campagna.<\/p>\n<p>L\u2019Hotel \u00e8 composto da nove <strong>camere e suite<\/strong>, sistemazioni ampie, accoglienti, eleganti e complete di ogni servizio, tutte coerenti con la matrice originaria del luogo e affacciate sui grandi spazi verdi del Podere.<\/p>\n\n\t\t<style type='text\/css'>\n\t\t\t#gallery-10 {\n\t\t\t\tmargin: auto;\n\t\t\t}\n\t\t\t#gallery-10 .gallery-item {\n\t\t\t\tfloat: left;\n\t\t\t\tmargin-top: 10px;\n\t\t\t\ttext-align: center;\n\t\t\t\twidth: 33%;\n\t\t\t}\n\t\t\t#gallery-10 img {\n\t\t\t\tborder: 2px solid #cfcfcf;\n\t\t\t}\n\t\t\t#gallery-10 .gallery-caption {\n\t\t\t\tmargin-left: 0;\n\t\t\t}\n\t\t\t\/* see gallery_shortcode() in wp-includes\/media.php *\/\n\t\t<\/style>\n\t\t<div id='gallery-10' class='gallery galleryid-7303 gallery-columns-3 gallery-size-thumbnail'><dl class='gallery-item'>\n\t\t\t<dt class='gallery-icon landscape'>\n\t\t\t\t<a href='https:\/\/www.montepisano.travel\/locanda-santagata-montepisano\/'><img width=\"150\" height=\"150\" src=\"https:\/\/www.montepisano.travel\/wp-content\/uploads\/2018\/01\/locanda-santagata-montepisano-150x150.jpg\" class=\"attachment-thumbnail size-thumbnail\" alt=\"\" srcset=\"https:\/\/www.montepisano.travel\/wp-content\/uploads\/2018\/01\/locanda-santagata-montepisano-150x150.jpg 150w, https:\/\/www.montepisano.travel\/wp-content\/uploads\/2018\/01\/locanda-santagata-montepisano-300x300.jpg 300w, https:\/\/www.montepisano.travel\/wp-content\/uploads\/2018\/01\/locanda-santagata-montepisano-100x100.jpg 100w\" sizes=\"(max-width: 150px) 100vw, 150px\" \/><\/a>\n\t\t\t<\/dt><\/dl><dl class='gallery-item'>\n\t\t\t<dt class='gallery-icon landscape'>\n\t\t\t\t<a href='https:\/\/www.montepisano.travel\/locanda-santagata-montepisano1\/'><img width=\"150\" height=\"150\" src=\"https:\/\/www.montepisano.travel\/wp-content\/uploads\/2018\/01\/locanda-santagata-montepisano1-150x150.jpg\" class=\"attachment-thumbnail size-thumbnail\" alt=\"\" srcset=\"https:\/\/www.montepisano.travel\/wp-content\/uploads\/2018\/01\/locanda-santagata-montepisano1-150x150.jpg 150w, https:\/\/www.montepisano.travel\/wp-content\/uploads\/2018\/01\/locanda-santagata-montepisano1-300x300.jpg 300w, https:\/\/www.montepisano.travel\/wp-content\/uploads\/2018\/01\/locanda-santagata-montepisano1-100x100.jpg 100w\" sizes=\"(max-width: 150px) 100vw, 150px\" \/><\/a>\n\t\t\t<\/dt><\/dl><dl class='gallery-item'>\n\t\t\t<dt class='gallery-icon landscape'>\n\t\t\t\t<a href='https:\/\/www.montepisano.travel\/locanda-santagata-montepisano2\/'><img width=\"150\" height=\"150\" src=\"https:\/\/www.montepisano.travel\/wp-content\/uploads\/2018\/01\/locanda-santagata-montepisano2-150x150.jpg\" class=\"attachment-thumbnail size-thumbnail\" alt=\"\" srcset=\"https:\/\/www.montepisano.travel\/wp-content\/uploads\/2018\/01\/locanda-santagata-montepisano2-150x150.jpg 150w, https:\/\/www.montepisano.travel\/wp-content\/uploads\/2018\/01\/locanda-santagata-montepisano2-300x300.jpg 300w, https:\/\/www.montepisano.travel\/wp-content\/uploads\/2018\/01\/locanda-santagata-montepisano2-100x100.jpg 100w\" sizes=\"(max-width: 150px) 100vw, 150px\" \/><\/a>\n\t\t\t<\/dt><\/dl><br style=\"clear: both\" \/><dl class='gallery-item'>\n\t\t\t<dt class='gallery-icon landscape'>\n\t\t\t\t<a href='https:\/\/www.montepisano.travel\/locanda-santagata-montepisano3\/'><img width=\"150\" height=\"150\" src=\"https:\/\/www.montepisano.travel\/wp-content\/uploads\/2018\/01\/locanda-santagata-montepisano3-150x150.jpg\" class=\"attachment-thumbnail size-thumbnail\" alt=\"\" srcset=\"https:\/\/www.montepisano.travel\/wp-content\/uploads\/2018\/01\/locanda-santagata-montepisano3-150x150.jpg 150w, https:\/\/www.montepisano.travel\/wp-content\/uploads\/2018\/01\/locanda-santagata-montepisano3-300x300.jpg 300w, https:\/\/www.montepisano.travel\/wp-content\/uploads\/2018\/01\/locanda-santagata-montepisano3-100x100.jpg 100w\" sizes=\"(max-width: 150px) 100vw, 150px\" \/><\/a>\n\t\t\t<\/dt><\/dl>\n\t\t\t<br style='clear: both' \/>\n\t\t<\/div>\n\n<p>L&#8217;antico corridoio della casa colonica guida gli ospiti negli ambienti pi\u00f9 suggestivi della Locanda. Dal piccolo balcone in ferro della camera bianca affacciato nel cortile, ai suggestivi giochi di luce della camera che fu il granaio, fino alle grandi vetrate della dependance, dove perdere lo sguardo verso l&#8217;orizzonte e le montagne, in uno dei luoghi pi\u00f9 belli della campagna toscana.<\/p>\n<p>Nel nostro ristorante lo <strong>chef Patron Luca Micheletti<\/strong>, da trent\u2019anni apprezzato e conosciuto alchimista di sapori, ha scelto per i propri piatti le nobili ricette toscane, debitamente rivisitate. Una cucina a kilometri zero, costruita intorno agli straordinari prodotti che offre il territorio: le carni di chianina, di mucco pisano, la cinta senese, il cinghiale e il daino del Parco di S. Rossore, l\u2019agnello biologico del Parco di Coltano, il pescato fresco del Mar Tirreno, i formaggi biologici, i vini e gli oli toscani.<\/p>\n<p>Una selezione di proposte fatta di scelte rigorose, di natura, di prodotti freschissimi e di alta qualit\u00e0 per soddisfare i palati pi\u00f9 esigenti.<\/p>\n<p>&nbsp;<\/p>\n","color":"","icon":"","noDetails":false,"noInteraction":false,"imageGallery":[{"src":"https:\/\/www.montepisano.travel\/wp-content\/uploads\/2018\/01\/9_thumb_locanda_santagata_1024_7-768x512.jpg"},{"src":"https:\/\/www.montepisano.travel\/wp-content\/uploads\/2018\/01\/10_thumb_locanda_santagata_1024_8-768x512.jpg"},{"src":"https:\/\/www.montepisano.travel\/wp-content\/uploads\/2018\/01\/8_thumb_locanda_santagata_1024_6-768x512.jpg"},{"src":"https:\/\/www.montepisano.travel\/wp-content\/uploads\/2018\/01\/6_thumb_locanda_santagata_1024_4-768x464.jpg"},{"src":"https:\/\/www.montepisano.travel\/wp-content\/uploads\/2018\/01\/5_thumb_locanda_santagata_1024_2-768x530.jpg"},{"src":"https:\/\/www.montepisano.travel\/wp-content\/uploads\/2018\/01\/7_thumb_locanda_santagata_1024_5-768x411.jpg"}],"image":"https:\/\/www.montepisano.travel\/wp-content\/uploads\/2018\/01\/9_thumb_locanda_santagata_1024_7-768x512.jpg","addr:street":"","addr:housenumber":"","addr:postcode":"","addr:city":"","contact:phone":"","contact:email":"","opening_hours":"","capacity":"","related":{"poi":{"neighbors":["105","7985","7866","7949","6925","6985","566","6695","567","7879"]}}},"geometry":{"type":"Point","coordinates":[10.4314575,43.7489159]}}