{"type":"Feature","properties":{"id":7846,"name":"Pieve dei Santi Ermolao e Giovanni","description":"<h4 class=\"field field--name-field-abstract field--type-text-long field--label-hidden\">La pieve Pieve dei Santi Ermolao e Giovanni (Calci &#8211; Pisa) \u00e8 collocata nella Valgraziosa, cos\u00ec detta per la sua felice posizione geografica e conosciuta fino al secolo scorso per gli oltre cento mulini, localizzati lungo la strada che sale al Monte Serra.<\/h4>\n<p>Situata nella parte bassa del paese, la pieve rappresenta un significativo esempio di derivazione dai modi costruttivi della cattedrale pisana.<\/p>\n<p>La facciata \u00e8 caratterizzata da un\u2019inconfondibile bicromia e dalle decorazioni a losanghe; le sue misure fuori scala dipendono da un ampliamento della struttura realizzato per far entrare in chiesa il fonte battesimale.<\/p>\n<p>Quest\u2019opera \u00e8 tradizionalmente attribuita alla scuola di Biduino, un importante scultore formatosi sul cantiere della cattedrale pisana, le cui opere sono presenti sui territori pisano e lucchese.<\/p>\n<p>Fonte: <a href=\"http:\/\/www.itineraromanica.eu\/index.php?id=143&amp;lang=it\" target=\"_blank\" rel=\"noopener\">ITERR-COST<\/a><\/p>\n","color":"","icon":"","noDetails":false,"noInteraction":false,"addr:street":"","addr:housenumber":"","addr:postcode":"","addr:city":"","contact:phone":"","contact:email":"","opening_hours":"","capacity":"","related":{"poi":{"neighbors":["8023","7950","7868","7023","7867","7859","7920","7863","7943","6893"]}}},"geometry":{"type":"Point","coordinates":[10.5129578,43.7262505]}}