{"type":"Feature","properties":{"id":7847,"name":"Villa di Corliano","description":"<h4 class=\"field field--name-field-abstract field--type-text-long field--label-hidden\">Risale alla prima met\u00e0 del XV secolo e fu eretta come residenza estiva ai piedi del Monte Pisano.<\/h4>\n<p>Il complesso monumentale racchiude in un parco recintato di 6 ettari che lo separa dall&#8217;omonimo borgo: la villa, la fattoria, le scuderie, il frantoio, le cantine, il kaffeehaus, il teatro di verzura, 2 ninfei e la chiesa dei SS Pietro e Paolo. Originariamente la propriet\u00e0 fu dei pisani Venuleii, una famiglia consolare romana di origine etrusc; gli attuali proprietari l&#8217;acquistarono nel 1536 dagli Spini di Firenze, che vi avevano intrapreso dei lavori fin dalla prima met\u00e0 del XV secolo. Esempio di quel vigore economico che invest\u00ec l&#8217;aristocrazia pisana nel XVI secolo, la villa di Corliano nel 1616 veniva descrita dal fiorentino Vincenzo Pitti come &#8220;il pi\u00f9 bel palazzo che sia d&#8217;intorno a Pisa&#8221;. (fonte ADSI &#8211; Delegazione Ville Pisane)<\/p>\n","color":"","icon":"","noDetails":false,"noInteraction":false,"addr:street":"","addr:housenumber":"","addr:postcode":"","addr:city":"","contact:phone":"","contact:email":"","opening_hours":"","capacity":"","related":{"poi":{"neighbors":["6691","6821","7914","7873","6842","7864","6785","7850","7916","7899"]}}},"geometry":{"type":"Point","coordinates":[10.428771,43.780498]}}