{"type":"Feature","properties":{"id":7848,"name":"Villa Roncioni","description":"<h4 class=\"field field--name-field-abstract field--type-text-long field--label-hidden\">Un complesso di straordinario valore storico artistico, alla met\u00e0 del &#8216;700 diventa grande dimora di campagna della famiglia Roncioni.<\/h4>\n<p>Sempre nel Settecento importanti artisti lavorano alla decorazione degli interni, mentre nell&#8217;Ottocento si realizza un grande parco comprendente fontane, laghi, una grottesca, una chiesa e una bigattiera, quest&#8217;ultime progettate dal noto architetto Alessandro Gherardesca che si ispir\u00f2 alle architetture gotiche inglesi. Ha ospitato nei primi decenni del secolo Romantico importanti intellettuali come Ugo Foscolo, che in queste sale ha scritto Le ultime lettere di Jacopo Ortis.<\/p>\n<p>Oggi all&#8217;inteno della villa \u00e8 conservata la pi\u00f9 importante collezione esistente di costumi teatrali e cinematografici di propriet\u00e0 della <a href=\"http:\/\/retemontepisano.netseven.it\/it\/poi\/fondazione-cerratelli\">Fondazione Cerratelli<\/a> che nelle sale della villa organizza ciclicamente esposizioni riguardanti il costume. (fonte ADSI &#8211; Delegazione Ville Pisane)<\/p>\n","color":"","icon":"","noDetails":false,"noInteraction":false,"addr:street":"","addr:housenumber":"","addr:postcode":"","addr:city":"","contact:phone":"","contact:email":"","opening_hours":"","capacity":"","related":{"poi":{"neighbors":["7852","7875","7918","7874","6800","7988","6872","6716","7899","7869"]}}},"geometry":{"type":"Point","coordinates":[10.4205171,43.8030421]}}