{"type":"Feature","properties":{"id":7849,"name":"Villa Ammiraglio","description":"<h4 class=\"field field--name-field-abstract field--type-text-long field--label-hidden\">Una delle pochissime ville, della provincia di Pisa, costruite e abitate dalla famiglia dei Medici.<\/h4>\n<p>Fu fatta costruire dal primo Ammiraglio della Flotta medicea, Giulio de&#8217; Medici, nella seconda met\u00e0 del &#8216;500, come abitazione personale. La villa \u00e8 disposta con la prestigiosa facciata verso sud-ovest, preceduta da un giardino-parco abbellito da piante secolari. (fonte ADSI &#8211; Delegazione Ville Pisane)<\/p>\n","color":"","icon":"","noDetails":false,"noInteraction":false,"addr:street":"","addr:housenumber":"","addr:postcode":"","addr:city":"","contact:phone":"","contact:email":"","opening_hours":"","capacity":"","related":{"poi":{"neighbors":["7971","7857","7930","7967","7878","7962","96","7911","7959","7993"]}}},"geometry":{"type":"Point","coordinates":[10.374827,43.771495]}}