{"type":"Feature","properties":{"id":7850,"name":"Villa Alta","description":"<h4 class=\"field field--name-field-abstract field--type-text-long field--label-hidden\">Nella splendida cornice delle colline di Rigoli, in posizione panoramica e completamente immersa nel verde, sorge un elegante ed esclusiva villa del &#8216;700: Villa Alta.<\/h4>\n<p>Nei pressi delle rinomate terme di San Giuliano e a met\u00e0 strada tra Lucca e Pisa, Villa Alta si trova proprio lungo la antica e leggendaria &#8220;via della seta&#8221; percorsa durante il periodo rinascimentale e barocco dai grandi commercianti del luogo per raggiungere le corti europee del nord con i loro raffinati e pregiatissimi damaschi. (fonte ADSI &#8211; Delegazione Ville Pisane)<\/p>\n","color":"","icon":"","noDetails":false,"noInteraction":false,"addr:street":"","addr:housenumber":"","addr:postcode":"","addr:city":"","contact:phone":"","contact:email":"","opening_hours":"","capacity":"","related":{"poi":{"neighbors":["6785","7864","7873","7899","6716","7988","6691","7847","6961","7993"]}}},"geometry":{"type":"Point","coordinates":[10.422994,43.789006]}}