{"type":"Feature","properties":{"id":7851,"name":"Rocca del Brunelleschi","description":"<h4 class=\"field field--name-field-abstract field--type-text-long field--label-hidden\">Progettata da Filippo Brunelleschi \u00e8 uno dei monumenti pi\u00f9 importanti nel panorama delle fortificazioni italiane.<\/h4>\n<p>Il 16 luglio 1406 un esercito fiorentino dopo nove mesi di assedio riusciva ad avere ragione di Vicopisano. Era necessario costruire una fortezza a guardia di questa preziosa conquista, una fortezza che fosse imprendibile. Fu cos\u00ec che il governo fiorentino commission\u00f2 a Filippo di Ser Brunellesco un progetto che fece scalpore gi\u00e0 alla presentazione del modello in legno e creta alla commissione governativa.<br \/>\nLa fortificazione del Brunelleschi inglob\u00f2 una antica torre risalente al XII secolo che era stata possesso degli arcivescovi pisani: la Torre di S.Maria divenne il mastio della fortezza brunelleschiana che si presenta di tipologia ancora medievale: mura alte con merlatura poggiata su archetti con piombatoie per gettare pece greca infiammata e olio bollente sugli assalitori.<\/p>\n<p>Ma quel che sorprende, un vera novit\u00e0, \u00e8 un insieme di ponti levatoi destinati, quando ritirati, ad isolare parti della fortezza dal resto, quasi un sistema a buccia di cipolla che doveva funzionare nel caso il nemico fosse riuscito a penetrarvi.<\/p>\n<p>(fonte Portale turistico di Vicopisano)<\/p>\n","color":"","icon":"","noDetails":false,"noInteraction":false,"addr:street":"","addr:housenumber":"","addr:postcode":"","addr:city":"","contact:phone":"","contact:email":"","opening_hours":"","capacity":"","related":{"poi":{"neighbors":["7963","7998","7861","6656","6674","7902","7860","7913","7957","6694"]}}},"geometry":{"type":"Point","coordinates":[10.586036,43.6992052]}}