{"type":"Feature","properties":{"id":7852,"name":"Villa Poschi","description":"<h4 class=\"field field--name-field-abstract field--type-text-long field--label-hidden\">Inserita nel centro abitato di Pugnano, lungo le pendici collinari, si colloca nel processo di rinnovamento edilizio che nel Settecento investe il contado pisano.<\/h4>\n<p>Nel 1791 infatti il nobile Vincenzo Poschi innalza, amplia e orna questa sua residenza di campagna risalente al Seicento. La splendida villa \u00e8 posta su tre piani in comunicazione da una scala decentrata a unico blocco, suddivisa in rampe e pianerottoli che per analogia disegnative e progettuali rinvia a un disegno autografo di Ignazio Pellegrini. (fonte ADSI &#8211; Delegazione Ville Pisane).<\/p>\n","color":"","icon":"","noDetails":false,"noInteraction":false,"addr:street":"","addr:housenumber":"","addr:postcode":"","addr:city":"","contact:phone":"","contact:email":"","opening_hours":"","capacity":"","related":{"poi":{"neighbors":["7848","7875","7918","7874","6800","7988","6872","6716","7899","7869"]}}},"geometry":{"type":"Point","coordinates":[10.4205171,43.8030421]}}