{"type":"Feature","properties":{"id":7853,"name":"Villa Rita","description":"<h4 class=\"field field--name-field-abstract field--type-text-long field--label-hidden\">Ai piedi del Monte Pisano, davanti alle terme di Uliveto, si trova un&#8217;antica borgata medievale con al centro la Villa detta in antichit\u00e0 &#8220;Villa Noce&#8221;.<\/h4>\n<p>Questa dimora storica, risalente al &#8216;400, conserva gli affreschi, i pavimentiin cotto e gli arredi originali, si notano chiaramente le testimonianze delle antiche e nobili famiglie sia pisane che fiorentine che si sono succedute nei secoli. La villa \u00e8 circondata da un antico cortile con siepi di bosso e da un bellissimo giardino all&#8217;italiana con gazebo centrale con piante di aranci e limoni e grossi orci ricoperti di fiori. (fonte ADSI &#8211; Delegazione Ville Pisane)<\/p>\n","color":"","icon":"","noDetails":false,"noInteraction":false,"addr:street":"","addr:housenumber":"","addr:postcode":"","addr:city":"","contact:phone":"","contact:email":"","opening_hours":"","capacity":"","related":{"poi":{"neighbors":["7862","7889","7921","6758","6694","7870","7927","7859","7973","7957"]}}},"geometry":{"type":"Point","coordinates":[10.5326766,43.690246]}}