{"type":"Feature","properties":{"id":7854,"name":"Castellaccio","description":"<h4 class=\"field field--name-field-abstract field--type-text-long field--label-hidden\">Il Castellaccio di Filettole fu costruito intorno al 1100 come monastero di Santa Viviana.<\/h4>\n<p>Nel periodo fra il &#8216;200 e &#8216;300 il monastero fu preso ripetutamente d&#8217;assedio ma senza risultato, finch\u00e8 i Pisani lo trasformarono nel corso del &#8216;300 in un palazzo fortificato munito di torri. Dal 1388, per circa vent&#8217;anni, il palazzo fortificato divenne la dimora dell&#8217;arcivescovo della Repubblica Marinara di Pisa: le cronache pisane dell&#8217;epoca testimoniano il carattere assai pi\u00f9 mondano che religioso dell&#8217;Arcivescovo Lotto Gambacorti. (fonte ADSI &#8211; Delegazione Ville Pisane)<\/p>\n","color":"","icon":"","noDetails":false,"noInteraction":false,"addr:street":"","addr:housenumber":"","addr:postcode":"","addr:city":"","contact:phone":"","contact:email":"","opening_hours":"","capacity":"","related":{"poi":{"neighbors":["7992","6800","7865","7874","7939","6872","7875","7848","7852","7918"]}}},"geometry":{"type":"Point","coordinates":[10.399618877048,43.811443588215]}}