{"type":"Feature","properties":{"id":7855,"name":"Villa Tadini","description":"<h4 class=\"field field--name-field-abstract field--type-text-long field--label-hidden\">Immersa nel verde del Monte Pisano, deve le sue origini a Lorenzo de Medici che sul finire del secolo XV la fece costruire per trascorrervi le sue villeggiature.<\/h4>\n<p>Il matrimonio della figlia Maddalena con Francesco Cybo Malaspina, determina il passaggio di Agnano nelle propriet\u00e0 di una nuova casata. La villa venne ristrutturata agli inizi del secolo XVI assumendo la caratteristica forma ad U in stile rinascimentale con giardino all&#8217;italiana spartito da due assi ortogonali, alberato e dotato di peschiera rettangolare secondo un disegno attribiuto a Giovan Battista da Sangallo. (fonte ADSI &#8211; Delegazione Ville Pisane)<\/p>\n","color":"","icon":"","noDetails":false,"noInteraction":false,"addr:street":"","addr:housenumber":"","addr:postcode":"","addr:city":"","contact:phone":"","contact:email":"","opening_hours":"","capacity":"","related":{"poi":{"neighbors":["7972","7966","7946","7934","108","7858","7935","106","94","6910"]}}},"geometry":{"type":"Point","coordinates":[10.484908541525,43.735935420947]}}