{"type":"Feature","properties":{"id":7856,"name":"Palazzo Pancani","description":"<h4 class=\"field field--name-field-abstract field--type-text-long field--label-hidden\">L&#8217;antico palazzo risale al 1700 circa ed \u00e8 una delle costruzioni pi\u00f9 antiche della piazza di Bientina.<\/h4>\n<p>Abbiamo notizia certa della sua esistenza dai manoscritti attribuiti al Dott. Francesco Pagnini, relativi alla visita del Gran Pirincipe di Toscana Gian Gastone dei Medici A seguito della deviazione del Cilecchio del 1719, la piazza fu arricchita di numerose abitazioni e acquist\u00f2 nuovo fascino. Il papazzo \u00e8 stato abitato dal nobili e ricchi proprietari terrieri peri secoli successivi (&#8216;700\/&#8217;800).(fonte ADSI &#8211; Delegazione Ville Pisane)<\/p>\n","color":"","icon":"","noDetails":false,"noInteraction":false,"addr:street":"","addr:housenumber":"","addr:postcode":"","addr:city":"","contact:phone":"","contact:email":"","opening_hours":"","capacity":"","related":{"poi":{"neighbors":["7999","7913","7905","6656","7851","7963","7861","7860","6946","7998"]}}},"geometry":{"type":"Point","coordinates":[10.618704833313,43.710517357508]}}