{"type":"Feature","properties":{"id":7857,"name":"Villa del Lupo","description":"<h4 class=\"field field--name-field-abstract field--type-text-long field--label-hidden\">Costruita a partire dalla fine del secolo XVIII, villa del Lupo rappresenta uno dei pi\u00f9 suggestivi luoghi di delizia nel territorio pisano.<\/h4>\n<p>Il complesso comprende la villa, la cappella privata, la limonaia, il portico e gli annessi. La villa progettata da Alessandro Gherardesca, si apre in uno spazio verde: &#8220;il giardino segreto&#8221; che con le sue aiuole e i giochi d&#8217;acqua della fontana conduce alla limonaia. Il Parco romantico, organizzato secondo un suggestivo percorso scenografico, accoglie il visitatore per condurlo, attraverso una serie di viali, nel bosco, dove alberi secolari basamenti e sedute contribuiscono a creare momenti di delizia lungo la passeggiata. (fonte ADSI &#8211; Delegazione Ville Pisane)<\/p>\n","color":"","icon":"","noDetails":false,"noInteraction":false,"addr:street":"","addr:housenumber":"","addr:postcode":"","addr:city":"","contact:phone":"","contact:email":"","opening_hours":"","capacity":"","related":{"poi":{"neighbors":["7849","7971","7930","7967","7878","7962","7911","7993","6961","7916"]}}},"geometry":{"type":"Point","coordinates":[10.377788,43.777492]}}