{"type":"Feature","properties":{"id":7858,"name":"Pieve di Santa Maria a Mirteto","description":"<p>Collocato su un ripiano del monte Conserva, il complesso monastico \u00e8 inserito nell\u2019area naturale protetta di interesse locale A.N.P.I.L. &#8211; Valle delle Fonti.<\/p>\n<p>Arrivati al Cisternone, da cui parte l\u2019acquedotto mediceo che giunge fino a Pisa, si sale a Mirteto attraverso una mulattiera immersa nella natura e costeggiata dai ruscelli che scendono dal monte.<\/p>\n<p>Le strutture originali attuali risalgono al XII secolo, quando in questa localit\u00e0 si insediarono i monaci cistercensi. Di questa fase rimangono la chiesa, il dormitorio e la fontana.<\/p>\n<p>L\u2019intero complesso risulta in avanzato stato di degrado, merita comunque una visita per apprezzare sia il contesto naturalistico entro cui \u00e8 inserito, sia le caratteristiche architettoniche con cui \u00e8 stato realizzato.<\/p>\n<p>Fonte: <a href=\"http:\/\/www.itineraromanica.eu\/index.php?id=150&amp;lang=it\" target=\"_blank\" rel=\"noopener\">ITERR-COST<\/a><\/p>\n","color":"","icon":"","noDetails":false,"noInteraction":false,"addr:street":"","addr:housenumber":"","addr:postcode":"","addr:city":"","contact:phone":"","contact:email":"","opening_hours":"","capacity":"","related":{"poi":{"neighbors":["7934","7946","7944","108","7966","7935","94","7972","7855","7949"]}}},"geometry":{"type":"Point","coordinates":[10.481828483339,43.754670800785]}}