{"type":"Feature","properties":{"id":7859,"name":"Chiesa di Sant&#8217;Agostino","description":"<p>Al convento di Nicosia si arriva percorrendo una strada che sale a mezza costa sul monte attraverso gli olivi. Immerso nella natura, il complesso nasce da ristrutturazioni ed ampliamenti successivi che lo hanno trasformato in una struttura imponente, circondata da un\u2019estesa cerchia muraria che segna i confini di una propriet\u00e0 ormai alienata.<\/p>\n<p>Varcata la soglia del grande portale si entra nel cortile del convento, su cui si affacciano l\u2019infermeria, la chiesa, l\u2019entrata vera e propria alle strutture conventuali. Dal cancello di ferro si intravede un magnifico chiostro coltivato con alberi da frutto e camelie.<\/p>\n<p>La chiesa risulta oggi trasformata secondo un linguaggio settecentesco, ma conserva in facciata i modi di costruire degli scalpellini medievali pisani.<\/p>\n<p>Fonte: <a href=\"http:\/\/www.itineraromanica.eu\/index.php?id=148&amp;lang=it\" target=\"_blank\" rel=\"noopener\">ITERR-COST<\/a><\/p>\n","color":"","icon":"","noDetails":false,"noInteraction":false,"addr:street":"","addr:housenumber":"","addr:postcode":"","addr:city":"","contact:phone":"","contact:email":"","opening_hours":"","capacity":"","related":{"poi":{"neighbors":["7867","7868","7870","7943","7950","7846","8023","7863","7973","7927"]}}},"geometry":{"type":"Point","coordinates":[10.52136182785,43.715069449241]}}