{"type":"Feature","properties":{"id":7860,"name":"Chiesa di San Jacopo in Lupeta","description":"<h4 class=\"field field--name-field-abstract field--type-text-long field--label-hidden\">La chiesa di Sant&#8217;Jacopo in Lupeta si trova a mezza costa sul monte, immersa tra i verdi oliveti che segnano il paesaggio circostante.<\/h4>\n<p>L\u2019edificio romanico di grande suggestione e bellezza \u00e8 costruito con materiali perfettamente squadrati, che spiccano per la bicromia. La singolarit\u00e0 di questa costruzione consiste nell\u2019aver abbinato caratteristiche strutturali monastiche, come la pianta a croce commissa, a motivi decorativi ispirati alla cattadrale pisana, come le losanghe.<\/p>\n<p>La chiesa \u00e8 affiancata da un imponente torre campanaria, ad essa preesistente e un tempo funzionante come torre di controllo, e da una villa ottocentesca, che ha sostituito le precedenti strutture monastiche.<\/p>\n<p>Abbattuto nel secondo conflitto mondiale, il campanile \u00e8 stato in parte ricostruito nelle stesse forme su progetto del soprintendente Piero Sanpaolesi. Seguendo un sentiero tra gli olivi si arriva alla vicina chiesa di Sant&#8217;Andrea in Buscione, oggi comunemente conosciuta come Sant&#8217;Andrea in Silva e trasformata in propriet\u00e0 privata.<\/p>\n<p>Fonte: <a href=\"http:\/\/www.itineraromanica.eu\/index.php?id=147&amp;lang=it\" target=\"_blank\" rel=\"noopener\">ITERR-COST<\/a><\/p>\n","color":"","icon":"","noDetails":false,"noInteraction":false,"addr:street":"","addr:housenumber":"","addr:postcode":"","addr:city":"","contact:phone":"","contact:email":"","opening_hours":"","capacity":"","related":{"poi":{"neighbors":["6656","7913","6674","7861","7998","7851","7963","7905","7877","7948"]}}},"geometry":{"type":"Point","coordinates":[10.5804977,43.7106097]}}