{"type":"Feature","properties":{"id":7861,"name":"Pieve di Santa Maria e San Giovanni Battista","description":"<h4 class=\"field field--name-field-abstract field--type-text-long field--label-hidden\">Nel medioevo la pieve di S.Maria e S.Giovanni si trovava all\u2019esterno del castello di Vicopisano, sulla piazza detta \u00abCampo di S.Maria\u00bb dove si svolgeva il mercato.<\/h4>\n<p>Collocata in una posizione strategica per la viabilit\u00e0 medievale, la pieve era direttamente dipendente dal vescovo pisano, tanto che le sue forme architettoniche e decorative richiamano da vicino quelle della cattedrale pisana.<\/p>\n<p>All\u2019esterno dell\u2019edificio si pu\u00f2 osservare un bassorilievo figurato di epoca longobarda e mensole scolpite con soggetti vegetali e animali; gli interni sono invece impreziositi da un importante ciclo di affreschi del XIII secolo.<\/p>\n<p>Fonte: <a href=\"http:\/\/www.itineraromanica.eu\/index.php?id=146&amp;lang=it\" target=\"_blank\" rel=\"noopener\">ITERR-COST<\/a><\/p>\n","color":"","icon":"","noDetails":false,"noInteraction":false,"addr:street":"","addr:housenumber":"","addr:postcode":"","addr:city":"","contact:phone":"","contact:email":"","opening_hours":"","capacity":"","related":{"poi":{"neighbors":["7998","7963","7851","6656","6674","7860","7902","7913","7957","6694"]}}},"geometry":{"type":"Point","coordinates":[10.5833866,43.7002349]}}