{"type":"Feature","properties":{"id":7862,"name":"Chiesa di San Martino al bagno","description":"<p>Inserita all\u2019interno del suggestivo Parco Termale di Uliveto, la chiesetta di San Martino al bagno \u00e8 collocata in un\u2019area stretta tra i fronti di cava di calcare del Monte Pisano e il fiume Arno.<\/p>\n<p>L\u2019edificio, un piccolo gioiello di architettura romanica, \u00e8 stato realizzato con una perfetta tecnica costruttiva che conferma la presenza di maestranze altamente specializzate itineranti sul territorio pisano. Privo di decorazioni scultoree, l\u2019edificio a navata unica con abside ha piccole dimensioni e un insolito campanile a vela sulla facciata.<\/p>\n<p>Un tempo sulla chiesa aveva il patronato la famiglia nobile pisana dei Lanfreducci, poi passato ai Lanfranchi.<\/p>\n<p>Fonte: <a href=\"http:\/\/www.itineraromanica.eu\/index.php?id=145&amp;lang=it\" target=\"_blank\" rel=\"noopener\">ITERR-COST<\/a><\/p>\n","color":"","icon":"","noDetails":false,"noInteraction":false,"addr:street":"","addr:housenumber":"","addr:postcode":"","addr:city":"","contact:phone":"","contact:email":"","opening_hours":"","capacity":"","related":{"poi":{"neighbors":["6758","7921","7853","7870","7973","7859","7927","7889","7863","6694"]}}},"geometry":{"type":"Point","coordinates":[10.520060753756,43.694527048677]}}