{"type":"Feature","properties":{"id":7863,"name":"Pieve di Santa Giulia","description":"<h4 class=\"field field--name-field-abstract field--type-text-long field--label-hidden\">Immersa nella campagna pisana, la pieve di S.Giulia \u00e8 situata appena fuori l\u2019abitato di Caprona, un tempo dominato dalla fortezza di dantesca citazione.<\/h4>\n<p>Costruita in diverse fasi e con diversi materiali, la pieve racconta una storia lunga quasi mille anni e si mostra ai viaggiatori come un edificio suggestivo, seppure incompiuto.<\/p>\n<p>La pieve ha un\u2019insolita pianta a croce commissa; il campanile si appoggia direttamente sul braccio destro del transetto. L\u2019edificio \u00e8 stato costruito con un ricco repertorio di materiali provenienti dal Monte Pisano e conserva un interessante apparato scultoreo che testimonia le ricche risorse che i committenti profusero per la sua costruzione e decorazione.<\/p>\n<p>Fonte: <a href=\"http:\/\/www.itineraromanica.eu\/index.php?id=144&amp;lang=it\" target=\"_blank\" rel=\"noopener\">ITERR-COST<\/a><\/p>\n","color":"","icon":"","noDetails":false,"noInteraction":false,"addr:street":"","addr:housenumber":"","addr:postcode":"","addr:city":"","contact:phone":"","contact:email":"","opening_hours":"","capacity":"","related":{"poi":{"neighbors":["7973","7859","8023","7846","7950","7868","7867","6758","7921","7862"]}}},"geometry":{"type":"Point","coordinates":[10.501425,43.7119326]}}