{"type":"Feature","properties":{"id":7864,"name":"Pieve di San Marco","description":"<h4 class=\"field field--name-field-abstract field--type-text-long field--label-hidden\">Circondata dalle verdi e rocciose pareti del Monte Pisano, la pieve di Rigoli rappresenta uno degli esempi pi\u00f9 significativi del romanico pisano sul territorio.<\/h4>\n<p>Al pellegrino che si affaccia in questo luogo, la pieve di Rigoli si mostra con le sue forme semplici e maestose: un edificio a tre navate con tre absidi e un enorme campanile posto in facciata.<\/p>\n<p>L\u2019interno \u00e8 caratterizzato da un\u2019austera semplicit\u00e0, al mattino la luce filtra dalle monofore e dalle aperture cruciformi, regalando impressioni di altri tempi.<\/p>\n<p>All\u2019interno si conserva un prezioso esemplare di fonte battesimale in marmo.<\/p>\n<p>Fonte: <a href=\"http:\/\/www.itineraromanica.eu\/index.php?id=142&amp;lang=it\" target=\"_blank\" rel=\"noopener\">ITERR-COST<\/a><\/p>\n","color":"","icon":"","noDetails":false,"noInteraction":false,"addr:street":"","addr:housenumber":"","addr:postcode":"","addr:city":"","contact:phone":"","contact:email":"","opening_hours":"","capacity":"","related":{"poi":{"neighbors":["6785","7850","7873","7899","6716","6691","7988","7847","6961","7993"]}}},"geometry":{"type":"Point","coordinates":[10.4224858,43.7878993]}}