{"type":"Feature","properties":{"id":7865,"name":"Rocca di Ripafratta","description":"<h4 class=\"field field--name-field-abstract field--type-text-long field--label-hidden\">La pi\u00f9 antica fortificazione di Ripafratta, ad opera dei pisani, \u00e8 precedente al secolo X; il borgo rivestiva una posizione strategica , essendo situato tra i territori di Lucca e Pisa, lungo il fiume Serchio in un punto in cui il corso d&#8217;acqua si stringe, permettendo di dominare agevolmente il transito fluviale che a quei tempi rappresentava la via privilegiata di collegamento tra le due citt\u00e0.<\/h4>\n<p>I secoli dell&#8217;epoca medievale videro scontrarsi innumerevoli volte tra Pisa con Lucca e Firenze, nel territorio di Ripafratta, allo scopo di assumere il controllo delle vie d&#8217;acqua. La roccaforte conobbe cos\u00ec alterne vicende e fu sotto il dominio pisano e fiorentino pi\u00f9 e pi\u00f9 volte. Caduta definitivamente sotto le milizie del fiorentino Castruccio Castracani, la Rocca venne ulteriormente fortificata nel XV secolo dal grande architetto mediceo Giuliano da Sangallo, il quale &#8220;aggiorn\u00f2&#8221; la fortificazione all&#8217;evolversi delle armi da fuoco, rendendo la Rocca pressoch\u00e9 insepugnabile agli assalti pisani.<\/p>\n<p>E&#8217; ancora visibile sulla cinta muraria l&#8217;impianto quattrocentesco in mattoni del Sangallo, che si innesta sulla pietra pi\u00f9 scura dell&#8217;antica fortificazione. Nella cinta si apre una sola <strong>porta<\/strong> che conserva tuttora gli stemmi dei vari potest\u00e0 pisani e fiorentini. Dalla porta si arriva alla piazza d&#8217;armi ove sorgono i resti del <strong>mastio<\/strong>, il nucleo pi\u00f9 antico del borgo fortificato, oggi nascosto alla vista dalle mura ma un tempo importantissima torre di vedetta. I ruderi della residenza del conestabile, gli accessi ai <strong>sotterranei<\/strong> e alle <strong>cisterne<\/strong> dell&#8217;acqua si trovano nel cortile interno alle mura.<\/p>\n<p>Altre due torri angolari scapitozzate chiudono ad est e ovest le difese. Situate al difuori della Rocca, nel territorio immediatamente circostante, sono tutt&#8217;oggi visibili i resti di due importanti torri facenti parte dell&#8217;antico sistema difensivo: la <strong>torre del Centino<\/strong> e la <strong>torre Niccolai<\/strong>.<\/p>\n<p>Fonte: PisaUnicaTerra<\/p>\n","color":"","icon":"","noDetails":false,"noInteraction":false,"addr:street":"","addr:housenumber":"","addr:postcode":"","addr:city":"","contact:phone":"","contact:email":"","opening_hours":"","capacity":"","related":{"poi":{"neighbors":["7939","7992","6872","6800","7874","7918","7854","7869","7875","7848"]}}},"geometry":{"type":"Point","coordinates":[10.4161753,43.8185148]}}