{"type":"Feature","properties":{"id":7866,"name":"Villa Bosniaski","description":"<h4 class=\"field field--name-field-abstract field--type-text-long field--label-hidden\">La Villa Belvedere, anche conosciuta come Villa Bosniaski, fu edificata nell&#8217;anno 1881, sullo sperone apicale del Monte Castellare presso San Giuliano Terme.<\/h4>\n<p>La villa \u00e8 sviluppata su due piani pi\u00f9 il seminterrato ed ha una pianta rettangolare. L&#8217;edificio era composto da 12 stanze ugualmente disposte sui tre piani complessivi. Nel seminterrato De Bosniaski aveva allestito una sorta di museo privato dei fossili vegetali carboniferi che possedeva. Il rifornimento idrico era garantito da alcune cisterne che ricevevano l&#8217;acqua piovana dalla grondaie della villa stessa e da alcune condutture che prelevavano l&#8217;acqua dai terrazzamenti realizzati in muri a secco per l&#8217;agricoltura. (fonte wikipedia)<\/p>\n","color":"","icon":"","noDetails":false,"noInteraction":false,"addr:street":"","addr:housenumber":"","addr:postcode":"","addr:city":"","contact:phone":"","contact:email":"","opening_hours":"","capacity":"","related":{"poi":{"neighbors":["7949","7985","6695","567","566","6925","6985","7879","94","7303"]}}},"geometry":{"type":"Point","coordinates":[10.4477587,43.7560366]}}