{"configJs":"http:\/\/pnfc.j.webmapp.it\/config.js","configJson":"http:\/\/pnfc.j.webmapp.it\/config.json","config.xml":{"id":"it.webmapp.pnfc","description":"Una app dedicata agli appassionati di escursionismo e in generale a tutti coloro che vogliono vivere a pieno la natura del Parco Nazionale delle Foreste Casentinesi, Monte Falterona e Campigna e fruire di una rete sentieristica di oltre 600 km di percorsi segnati nell'Area protetta.","name":"PNFC Trekking Map","version":"1.0.0"},"resources":{"icon":"http:\/\/pnfc.j.webmapp.it\/resources\/icon.png","splash":"http:\/\/pnfc.j.webmapp.it\/resources\/splash.png"}}