sezione,ref,q_score,osmid,osm_url,geojson_url
Firenze,"SA 301",0,4033774,https://openstreetmap.org/relation/4033774,http://osmcai.j.webmapp.it/geojson/track/4033774.geojson
Barga,134,0,6653828,https://openstreetmap.org/relation/6653828,http://osmcai.j.webmapp.it/geojson/track/6653828.geojson
Barga,136,0,6654607,https://openstreetmap.org/relation/6654607,http://osmcai.j.webmapp.it/geojson/track/6654607.geojson
Carrara,37,0,6080934,https://openstreetmap.org/relation/6080934,http://osmcai.j.webmapp.it/geojson/track/6080934.geojson
Carrara,38,0,6080935,https://openstreetmap.org/relation/6080935,http://osmcai.j.webmapp.it/geojson/track/6080935.geojson
Pisa,32,0,4200539,https://openstreetmap.org/relation/4200539,http://osmcai.j.webmapp.it/geojson/track/4200539.geojson
Pisa,36,0,4162742,https://openstreetmap.org/relation/4162742,http://osmcai.j.webmapp.it/geojson/track/4162742.geojson
Pistoia,204,0,4111468,https://openstreetmap.org/relation/4111468,http://osmcai.j.webmapp.it/geojson/track/4111468.geojson
Pistoia,220,0,8308959,https://openstreetmap.org/relation/8308959,http://osmcai.j.webmapp.it/geojson/track/8308959.geojson
