sezione,ref,q_score,osmid,osm_user,osm_url,geojson_url,gpx,card,q_mandatory_tags,q_mandatory_tags_notes,type,route,network,name,from,to,ref,cai_scale,q_source,q_source_notes,source,survey:cai
Firenze,"SA 301",0.8,4033774,Bruno_Barbieri,https://openstreetmap.org/relation/4033774,http://osmcai.j.webmapp.it/geojson/track/4033774.geojson,http://osmcai.j.webmapp.it/resources/gpx/4033774.gpx,https://api.webmapp.it/services/caiosm/scheda_sentiero.php?relation_id=4033774&source=toscana,0.8,"Tag cai_scale non presente. ",route,hiking,lwn,"Sentiero degli Alpini","Rifugio Fontanelle","Colla di Pian Mezzano","SA 301",,0,"Tag source non presente. Tag survey:date non presente. ",,
Barga,134,1,6653828,"Marco Barbieri70",https://openstreetmap.org/relation/6653828,http://osmcai.j.webmapp.it/geojson/track/6653828.geojson,http://osmcai.j.webmapp.it/resources/gpx/6653828.gpx,https://api.webmapp.it/services/caiosm/scheda_sentiero.php?relation_id=6653828&source=toscana,1,,route,hiking,lwn,,"Boscaccio (Fornovolasco)","Le Rocchette",134,E,0,"Tag source non presente. Tag survey:date non presente. ",,
Barga,136,1,6654607,"Marco Barbieri70",https://openstreetmap.org/relation/6654607,http://osmcai.j.webmapp.it/geojson/track/6654607.geojson,http://osmcai.j.webmapp.it/resources/gpx/6654607.gpx,https://api.webmapp.it/services/caiosm/scheda_sentiero.php?relation_id=6654607&source=toscana,1,,route,hiking,lwn,,"Cardoso di Garfagnana","Foce Pompanella",136,E,0,"Tag source non presente. Tag survey:date non presente. ",,
Carrara,37,1,6080934,jackthebest,https://openstreetmap.org/relation/6080934,http://osmcai.j.webmapp.it/geojson/track/6080934.geojson,http://osmcai.j.webmapp.it/resources/gpx/6080934.gpx,https://api.webmapp.it/services/caiosm/scheda_sentiero.php?relation_id=6080934&source=toscana,1,,route,hiking,lwn,,Forno,"Rifugio Donegani",37,EE,0,"Tag source non presente. Tag survey:date non presente. ",,
Carrara,38,1,6080935,juhanjuku,https://openstreetmap.org/relation/6080935,http://osmcai.j.webmapp.it/geojson/track/6080935.geojson,http://osmcai.j.webmapp.it/resources/gpx/6080935.gpx,https://api.webmapp.it/services/caiosm/scheda_sentiero.php?relation_id=6080935&source=toscana,1,,route,hiking,lwn,,Colonnata,Vinca,38,EE,0,"Tag source non presente. Tag survey:date non presente. ",,
Pisa,32,1,4200539,"Andrea Del Sarto",https://openstreetmap.org/relation/4200539,http://osmcai.j.webmapp.it/geojson/track/4200539.geojson,http://osmcai.j.webmapp.it/resources/gpx/4200539.gpx,https://api.webmapp.it/services/caiosm/scheda_sentiero.php?relation_id=4200539&source=toscana,1,,route,hiking,lwn,,"Azzano (Cancello Cava Henreux)","Monte Altissimo",32,EEA,0,"Tag source non presente. Tag survey:date non presente. ",,
Pisa,36,1,4162742,"Andrea Del Sarto",https://openstreetmap.org/relation/4162742,http://osmcai.j.webmapp.it/geojson/track/4162742.geojson,http://osmcai.j.webmapp.it/resources/gpx/4162742.gpx,https://api.webmapp.it/services/caiosm/scheda_sentiero.php?relation_id=4162742&source=toscana,1,,route,hiking,lwn,,Biforco,Gorfigliano,36,EE,0,"Tag source non presente. Tag survey:date non presente. ",,
Pistoia,204,0.8,4111468,"Matteo Calosi",https://openstreetmap.org/relation/4111468,http://osmcai.j.webmapp.it/geojson/track/4111468.geojson,http://osmcai.j.webmapp.it/resources/gpx/4111468.gpx,https://api.webmapp.it/services/caiosm/scheda_sentiero.php?relation_id=4111468&source=toscana,0.8,"Tag cai_scale non presente. ",route,hiking,lwn,"Sentiero CAI 204 - Sez. Pistoia",,,204,,0,"Tag source non presente. Tag survey:date non presente. ",,
Pistoia,220,1.5,8308959,"Andrea Del Sarto",https://openstreetmap.org/relation/8308959,http://osmcai.j.webmapp.it/geojson/track/8308959.geojson,http://osmcai.j.webmapp.it/resources/gpx/8308959.gpx,https://api.webmapp.it/services/caiosm/scheda_sentiero.php?relation_id=8308959&source=toscana,1,,route,hiking,lwn,,"Montale Alto","San Quirico",220,E,0.5,"La survey:date è passata da più di un anno. ",survey:cai,2012-01-21
