{"type":"Feature","properties":{"id":442,"name":"Ristorante Rosticceria Pizzera Neccio","description":"","color":"","icon":"","noDetails":false,"noInteraction":false,"imageGallery":[{"src":"http:\/\/dev.be.webmapp.it\/wp-content\/uploads\/2017\/05\/dolomites-550349_960_720-768x514.jpg"},{"src":"http:\/\/dev.be.webmapp.it\/wp-content\/uploads\/2017\/05\/mountain-1077939_960_720-768x576.jpg"},{"src":"http:\/\/dev.be.webmapp.it\/wp-content\/uploads\/2017\/03\/Pisa-lungarno03-768x1163.jpg"}],"image":"http:\/\/dev.be.webmapp.it\/wp-content\/uploads\/2017\/05\/dolomites-550349_960_720-768x514.jpg","addr:street":"","addr:housenumber":"","addr:postcode":"","addr:city":"","contact:phone":"","contact:email":"","opening_hours":"","capacity":"","related":{"poi":{"neighbors":["97","543","61","73","72","507","17","8018","468","8021"]}}},"geometry":{"type":"Point","coordinates":[10.3767708,43.7072209]}}