{"type":"Feature","properties":{"id":507,"name":"Bar Enrico","description":"","color":"","icon":"","noDetails":false,"noInteraction":false,"imageGallery":[{"src":"http:\/\/dev.be.webmapp.it\/wp-content\/uploads\/2017\/05\/dolomites-550349_960_720-768x514.jpg"},{"src":"http:\/\/dev.be.webmapp.it\/wp-content\/uploads\/2017\/05\/mountain-1077939_960_720-768x576.jpg"},{"src":"http:\/\/dev.be.webmapp.it\/wp-content\/uploads\/2017\/03\/Pisa-lungarno03-768x1163.jpg"}],"image":"http:\/\/dev.be.webmapp.it\/wp-content\/uploads\/2017\/05\/dolomites-550349_960_720-768x514.jpg","addr:street":"","addr:housenumber":"","addr:postcode":"","addr:city":"","contact:phone":"","contact:email":"","opening_hours":"","capacity":"","related":{"poi":{"neighbors":["17","8018","72","540","58","73","8021","8017","438","91"]}}},"geometry":{"type":"Point","coordinates":[10.3822971,43.7173413]}}