{"type":"Feature","properties":{"id":522,"name":"Bar San Domenico","description":"<p>Il bar di moda a porta a Lucca<\/p>\n","color":"#dd3333","icon":"wm-icon-generic","noDetails":false,"noInteraction":true,"imageGallery":[{"src":"http:\/\/dev.be.webmapp.it\/wp-content\/uploads\/2017\/05\/dolomites-550349_960_720-768x514.jpg"},{"src":"http:\/\/dev.be.webmapp.it\/wp-content\/uploads\/2017\/05\/mountain-1077939_960_720-768x576.jpg"}],"image":"http:\/\/dev.be.webmapp.it\/wp-content\/uploads\/2017\/05\/dolomites-550349_960_720-768x514.jpg","addr:street":"Largo Parlascio","addr:housenumber":"1","addr:postcode":"56127","addr:city":"Pisa","contact:phone":"+39 050 7846161","contact:email":"info@barsandomenico.it","opening_hours":"Sa-Su 00:00-24:00","capacity":"50","address":"Largo Parlascio, 1 Pisa","related":{"poi":{"neighbors":["34","474","18","508","75","422","7940","538","56","472"]}}},"geometry":{"type":"Point","coordinates":[10.4015262,43.7223352]}}