{"type":"Feature","properties":{"id":544,"name":"House Caf\u00e8","description":"<p>Descrizione dell&#8217;House Caf\u00e8<\/p>\n","color":"#dd3333","icon":"http:\/\/client.webmapp.it\/core\/fonts\/webmapp-icons\/demo.html","noDetails":false,"noInteraction":false,"imageGallery":[{"src":"http:\/\/dev.be.webmapp.it\/wp-content\/uploads\/2017\/04\/Screenshot-2018-02-02-10.27.24-e1517584187744-768x432.png"},{"src":"http:\/\/dev.be.webmapp.it\/wp-content\/uploads\/2017\/03\/IMG_0055-e1517583516896-768x506.jpg"},{"src":"http:\/\/dev.be.webmapp.it\/wp-content\/uploads\/2017\/03\/IMG_0056-768x576.jpg"},{"src":"http:\/\/dev.be.webmapp.it\/wp-content\/uploads\/2017\/05\/pisa_stazione_riparazione_gonfiaggio_bici_corso_italia_2.jpg"}],"image":"http:\/\/dev.be.webmapp.it\/wp-content\/uploads\/2017\/04\/Screenshot-2018-02-02-10.27.24-e1517584187744-768x432.png","addr:street":"Insert the name of the respective street.","addr:housenumber":"Insert the name the house number (may contain letters, dashes or other characters).","addr:postcode":"The postal code of the building\/area.","addr:city":"The name of the city as given in postal addresses of the building\/area.","contact:phone":"Phone","contact:email":"Email@email.it","opening_hours":"Opening","capacity":"Capacity","address":"Insert the name of the respective street., Insert the name the house number (may contain letters, dashes or other characters). The name of the city as given in postal addresses of the building\/area.","related":{"poi":{"neighbors":["62","506","16","7","497","531","47","509","19","427"]}}},"geometry":{"type":"Point","coordinates":[10.3991341,43.7121967]}}