{"type":"Feature","properties":{"id":566,"name":"117-01","description":"","color":"","icon":"","noDetails":false,"noInteraction":false,"imageGallery":[{"src":"http:\/\/dev.be.webmapp.it\/wp-content\/uploads\/2017\/05\/dolomites-550349_960_720-768x514.jpg"},{"src":"http:\/\/dev.be.webmapp.it\/wp-content\/uploads\/2017\/05\/mountain-1077939_960_720-768x576.jpg"},{"src":"http:\/\/dev.be.webmapp.it\/wp-content\/uploads\/2017\/03\/Pisa-lungarno03-768x1163.jpg"}],"image":"http:\/\/dev.be.webmapp.it\/wp-content\/uploads\/2017\/05\/dolomites-550349_960_720-768x514.jpg","addr:street":"","addr:housenumber":"","addr:postcode":"","addr:city":"","contact:phone":"","contact:email":"","opening_hours":"","capacity":"","related":{"poi":{"neighbors":["6695","567","6925","6985","7879","7985","7866","7949","7945","7303"]}}},"geometry":{"type":"Point","coordinates":[10.441684,43.762955]}}