{"type":"Feature","properties":{"id":567,"name":"117-02","description":"","color":"","icon":"","noDetails":false,"noInteraction":false,"imageGallery":[{"src":"http:\/\/dev.be.webmapp.it\/wp-content\/uploads\/2017\/05\/mountain-1077939_960_720-768x576.jpg"},{"src":"http:\/\/dev.be.webmapp.it\/wp-content\/uploads\/2017\/05\/dolomites-550349_960_720-768x514.jpg"}],"image":"http:\/\/dev.be.webmapp.it\/wp-content\/uploads\/2017\/05\/mountain-1077939_960_720-768x576.jpg","addr:street":"","addr:housenumber":"","addr:postcode":"","addr:city":"","contact:phone":"","contact:email":"","opening_hours":"","capacity":"","related":{"poi":{"neighbors":["6695","566","6925","6985","7879","7985","7866","7949","7945","6842"]}}},"geometry":{"type":"Point","coordinates":[10.441966,43.763024]}}