{"type":"FeatureCollection","features":[{"type":"Feature","properties":{"ascent":"280","cai_scale":"E","descent":"260","distance":6.1,"from":"Vorno","name":"\"Anello di Vorno e Coselli\"","network":"lwn","operator":"Comune di Capannori","osmc:symbol":"red:red:white_stripe:122:black","ref":"122","roundtrip":"yes","route":"hiking","source":"survey:cai","survey:date":"2018-01-01","to":"Vorno","type":"route","id":4486728,"tracks":1,"trackpoints":244,"ele_gain_positive":252,"ele_gain_negative":261,"ele_start":"75","ele_end":"82","has_ele":true,"has_multi_segments":false,"ele_max":"374","ele_min":"75","duration_forward":"2:20","duration_backward":"2:20"}}]}