{"type":"Feature","properties":{"id":295,"name":"Parco Matto","description":"<p>Lorem ipsum dolor sit amet, consectetur adipisci elit, sed eiusmod tempor incidunt ut labore et dolore magna aliqua. Ut enim ad minim veniam, quis nostrum exercitationem ullam corporis suscipit laboriosam, nisi ut aliquid ex ea commodi consequatur. Quis aute iure reprehenderit in voluptate velit esse cillum dolore eu fugiat nulla pariatur. Excepteur sint obcaecat cupiditat non proident, sunt in culpa qui officia deserunt mollit anim id est laborum.<\/p>\n","noDetails":false,"noInteraction":false,"related":{"poi":{"neighbors":["271","294","270","269","266","267","272","268"]}}},"geometry":{"type":"Point","coordinates":[10.895057916641,44.788429485801]}}