{"type":"Feature","properties":{"id":448,"name":"BB di Davide","description":"<p>Lorem ipsum dolor sit amet, consectetur adipiscing elit. Donec leo tortor, varius vel faucibus et, sodales ac nulla. Maecenas aliquet, nibh id commodo pharetra, lacus augue suscipit neque, eget condimentum sapien lectus vel mauris. Donec porttitor ex quis risus accumsan, vel pellentesque enim ultrices. Sed at libero eu ipsum ultrices mollis. Donec a ullamcorper dui. Mauris a egestas purus. Morbi tincidunt enim sed luctus fermentum. Duis interdum aliquam enim id sodales. Duis a mi velit. Vivamus lacinia justo ac viverra semper. In pellentesque eros in felis tincidunt ultrices. Mauris ultrices urna eu elit congue interdum.<\/p>\n","color":"","icon":"","noDetails":false,"noInteraction":false,"imageGallery":[{"src":"http:\/\/test.be.webmapp.it\/wp-content\/uploads\/2018\/02\/Carpineti_mandra_bosco_ceduo-768x576.jpg"},{"src":"http:\/\/test.be.webmapp.it\/wp-content\/uploads\/2018\/02\/Chiesa_Santuario_del_Carmelo_Monza-768x576.jpg"},{"src":"http:\/\/test.be.webmapp.it\/wp-content\/uploads\/2018\/02\/Collina_dOro__Vineyards_in_Marche_as_well_as_Sunflower-fields__Olivetrees_Oak-768x307.jpg"},{"src":"http:\/\/test.be.webmapp.it\/wp-content\/uploads\/2018\/02\/dawn-190055_960_720-768x512.jpg"}],"image":"http:\/\/test.be.webmapp.it\/wp-content\/uploads\/2018\/02\/Carpineti_mandra_bosco_ceduo-768x576.jpg","related":{"poi":{"neighbors":["504","528","501"]}}},"geometry":{"type":"Point","coordinates":[-3.7429094588913,40.395576532783]}}