{"type":"Feature","properties":{"id":466,"name":"Scuola Collodi","description":"<p>Lorem ipsum dolor sit amet, consectetur adipiscing elit. Cras imperdiet diam eu malesuada tincidunt. Curabitur semper turpis dignissim est gravida congue. Integer vitae euismod ex. Nullam vitae ligula dignissim, ornare lectus eu, rutrum sem. Vestibulum ante ipsum primis in faucibus orci luctus et ultrices posuere cubilia Curae; Aliquam ultricies lectus et lacus pellentesque, ac convallis leo rhoncus. Vestibulum elementum nisi ultrices nulla aliquet, sit amet rhoncus arcu tincidunt. Vestibulum sed massa urna. Phasellus placerat, arcu eu placerat viverra, eros enim tincidunt nisl, sit amet finibus quam nulla nec sapien.<\/p>\n","color":"","icon":"","noDetails":false,"noInteraction":false,"addr:street":"","addr:housenumber":"","addr:postcode":"","addr:city":"","contact:phone":"","contact:email":"","opening_hours":"","capacity":"","related":{"poi":{"neighbors":["44","21","113","33","38","103","91","82","81","100"]}}},"geometry":{"type":"Point","coordinates":[10.397711992264,43.729309164675]}}