{"type":"Feature","properties":{"id":473,"name":"Net7","description":"<p>Lorem ipsum dolor sit amet, consectetur adipiscing elit. Suspendisse eleifend egestas dapibus. Proin quam mi, consequat a mauris et, blandit pellentesque mauris. Donec a vestibulum risus, sed ultrices lacus. Cras finibus diam vitae tristique finibus. Nunc laoreet sed orci vitae dignissim. Maecenas elementum fermentum ullamcorper. Integer ac aliquet magna. Donec luctus eros nec enim faucibus, posuere fringilla leo fringilla. Vivamus pretium vestibulum porta.<\/p>\n<p>Nunc tempus dui quis mi imperdiet, sed rhoncus neque rhoncus. Nunc gravida augue a rutrum sagittis. Donec sed sem posuere, gravida odio quis, volutpat turpis. Nam eleifend quis turpis quis lobortis. Proin euismod semper commodo. Praesent venenatis magna quis lacus scelerisque rhoncus. Nullam facilisis, metus sed tempus viverra, metus libero rutrum turpis, quis ullamcorper eros lorem quis tellus. Nullam elit leo, vulputate a neque in, efficitur faucibus nulla. Maecenas tempus sodales dolor ac sagittis. Praesent et consectetur nulla. Interdum et malesuada fames ac ante ipsum primis in faucibus. Cras tempor ligula a finibus vehicula. Nulla mollis convallis nulla a fringilla.<\/p>\n","color":"","icon":"","noDetails":false,"noInteraction":false,"imageGallery":[{"src":"http:\/\/test.be.webmapp.it\/wp-content\/uploads\/2018\/02\/IMG_7750-768x512.jpg"},{"src":"http:\/\/test.be.webmapp.it\/wp-content\/uploads\/2018\/02\/Londra-768x768.jpg"}],"image":"http:\/\/test.be.webmapp.it\/wp-content\/uploads\/2018\/02\/IMG_7750-768x512.jpg","related":{"poi":{"neighbors":["64","92","111","531","24","57","107","31","30","68"]}}},"geometry":{"type":"Point","coordinates":[10.4209653,43.7262186]}}