{"type":"Feature","properties":{"id":495,"name":"Casa Alessio","description":"<p>Lorem ipsum dolor sit amet, consectetur adipiscing elit. Fusce sed varius dolor. Nam gravida purus non felis faucibus congue. Donec ex ante, malesuada vel metus ut, tempus ultricies sem. Lorem ipsum dolor sit amet, consectetur adipiscing elit. Vestibulum vitae laoreet lectus. Sed malesuada orci a neque ullamcorper, ac egestas risus convallis. Cras porta quam nec leo ornare, id porttitor tellus ornare.<\/p>\n<p>Cras vitae faucibus turpis, eu sodales enim. Aliquam laoreet augue in nisl luctus, feugiat tempor lectus facilisis. Aliquam sit amet placerat nibh. Morbi a sollicitudin arcu, sed commodo sapien. Suspendisse quis interdum diam, eget placerat elit. Nulla tristique semper nisl, in feugiat neque venenatis eu. In vitae rhoncus justo. Pellentesque habitant morbi tristique senectus et netus et malesuada fames ac turpis egestas.<\/p>\n","color":"#8224e3","icon":"","noDetails":false,"noInteraction":false,"imageGallery":[{"src":"http:\/\/test.be.webmapp.it\/wp-content\/uploads\/2018\/02\/Il_Melograno_Ristorante_interior-768x510.jpg"},{"src":"http:\/\/test.be.webmapp.it\/wp-content\/uploads\/2018\/02\/Grotta_di_nettuno_sardinien-768x576.jpg"},{"src":"http:\/\/test.be.webmapp.it\/wp-content\/uploads\/2018\/02\/Ghiara_Reggio_Emilia_cupola-768x514.jpg"}],"image":"http:\/\/test.be.webmapp.it\/wp-content\/uploads\/2018\/02\/Il_Melograno_Ristorante_interior-768x510.jpg","related":{"poi":{"neighbors":["525","113","21","109","103","44","66","466","31","33"]}}},"geometry":{"type":"Point","coordinates":[10.408035086741,43.733234423031]}}