{"type":"Feature","properties":{"id":541,"name":"Piazza Cavalieri","description":"<p>Lorem ipsum dolor sit amet, consectetur adipiscing elit. Vestibulum ullamcorper ante nibh, quis tincidunt nisi hendrerit sit amet. Maecenas quis est erat. Praesent ac aliquet diam. Quisque id lectus sollicitudin, tristique justo non, rutrum libero. Cras magna quam, faucibus vel est et, efficitur dapibus nunc. Duis lacinia sapien mauris, in lobortis purus interdum vel. Nullam diam enim, rhoncus vel condimentum id, ullamcorper ut justo. Nulla tempus massa eget turpis viverra, congue condimentum est hendrerit. Ut malesuada finibus urna, ac dictum ante pulvinar ut. In ligula urna, aliquam quis volutpat eu, vulputate rhoncus tellus. Vivamus blandit arcu sit amet nisi rutrum consequat. Fusce pulvinar vel nibh ac aliquam. Ut cursus nec mi in ornare. Nulla turpis urna, faucibus sit amet turpis vel, aliquam dignissim dolor. Pellentesque tellus eros, auctor in est id, imperdiet cursus magna. Nulla facilisi.<\/p>\n<p>Donec nec sapien non purus ultrices blandit molestie in enim. Class aptent taciti sociosqu ad litora torquent per conubia nostra, per inceptos himenaeos. Nullam consectetur ornare velit. Donec feugiat scelerisque magna, quis ullamcorper augue maximus eget. Aenean at feugiat dui, et tempus elit. Donec pulvinar odio porta pharetra gravida. Sed commodo vulputate sapien sit amet finibus. Integer imperdiet, lacus et efficitur gravida, enim ipsum fringilla quam, ac vulputate felis nisl vel tortor. Integer a leo mollis, accumsan velit vel, facilisis urna. Donec congue non nisi ac finibus. Cras eget varius lorem, sed iaculis libero. Cras et molestie purus, eget ultricies mi. Pellentesque a ante vel urna faucibus convallis. Lorem ipsum dolor sit amet, consectetur adipiscing elit.<\/p>\n","color":"","icon":"","noDetails":false,"noInteraction":false,"imageGallery":[{"src":"http:\/\/test.be.webmapp.it\/wp-content\/uploads\/2018\/02\/IMG_7750-768x512.jpg"},{"src":"http:\/\/test.be.webmapp.it\/wp-content\/uploads\/2018\/02\/IMG_7717-768x512.jpg"},{"src":"http:\/\/test.be.webmapp.it\/wp-content\/uploads\/2018\/02\/IMG_7707-768x512.jpg"},{"src":"http:\/\/test.be.webmapp.it\/wp-content\/uploads\/2018\/02\/IMG_20180205_090349-768x432.jpg"},{"src":"http:\/\/test.be.webmapp.it\/wp-content\/uploads\/2018\/02\/Pieve_Talignano-768x627.jpg"},{"src":"http:\/\/test.be.webmapp.it\/wp-content\/uploads\/2018\/02\/Salse-di-Nirano-768x768.png"},{"src":"http:\/\/test.be.webmapp.it\/wp-content\/uploads\/2018\/02\/mountain-1077939_960_720-768x576.jpg"},{"src":"http:\/\/test.be.webmapp.it\/wp-content\/uploads\/2018\/02\/Collina_dOro__Vineyards_in_Marche_as_well_as_Sunflower-fields__Olivetrees_Oak-768x307.jpg"}],"image":"http:\/\/test.be.webmapp.it\/wp-content\/uploads\/2018\/02\/IMG_7750-768x512.jpg","addr:street":"","addr:housenumber":"","addr:postcode":"","addr:city":"","contact:phone":"","contact:email":"","opening_hours":"","capacity":"","related":{"poi":{"neighbors":["99","121","74","123","104","122","76","79","83","93"]}}},"geometry":{"type":"Point","coordinates":[10.400190353394,43.719373123319]}}